/*******************************************************************************
 * Size: 20 px
 * Bpp: 4
 * Opts: --font C:\Users\jsens_ft8b9ud\amoled-lab\dot_games\fonts\src\NotoSansCJKsc-Medium.otf --size 20 --bpp 4 --format lvgl --range 0x4e0a,0x4e0b,0x4e3b,0x4e86,0x4f60,0x4fc4,0x5149,0x5178,0x51fa,0x51fb,0x5206,0x5236,0x52a8,0x5373,0x53d1,0x53e3,0x53ef,0x53f3,0x5403,0x5408,0x5411,0x547d,0x56de,0x5757,0x5899,0x58a8,0x59cb,0x5b57,0x5c06,0x5c4f,0x5de6,0x5e55,0x5e76,0x5f00,0x5f69,0x5feb,0x620f,0x6253,0x62d6,0x6321,0x6389,0x63a5,0x63a7,0x63a8,0x6478,0x6570,0x65af,0x65b0,0x65b9,0x65cb,0x6700,0x675f,0x677f,0x6807,0x6e38,0x6ed1,0x70b9,0x7403,0x751f,0x76ee,0x76f4,0x7816,0x79fb,0x7a7f,0x7b49,0x7ea7,0x7ecf,0x7ed3,0x7f3a,0x7f57,0x8272,0x843d,0x86c7,0x884c,0x89e6,0x8d2a,0x8d62,0x8d77,0x8d8a,0x8f6c,0x8f7b,0x8fc7,0x8fd4,0x91cd,0x9635,0x9898,0x98de,0x9ad8,0x9e1f,0x21,0x25,0x28,0x29,0x2b,0x2d,0x2e,0x30,0x31,0x32,0x33,0x34,0x35,0x36,0x38,0x39,0x3c,0x41,0x42,0x43,0x44,0x45,0x46,0x47,0x48,0x49,0x4c,0x4d,0x4e,0x4f,0x50,0x52,0x53,0x54,0x57,0x58,0x5f,0x61,0x62,0x63,0x64,0x65,0x66,0x67,0x68,0x69,0x6b,0x6c,0x6d,0x6e,0x6f,0x70,0x72,0x73,0x74,0x75,0x76,0x77,0x79,0xb7,0x25cb,0x25cf,0x20-0x7E,0xB7 --no-compress --lv-font-name font_cjk_20 -o C:\Users\jsens_ft8b9ud\amoled-lab\dot_games\fonts\generated\font_cjk_20.c
 ******************************************************************************/

#ifdef LV_LVGL_H_INCLUDE_SIMPLE
#include "lvgl.h"
#else
#include "lvgl.h"
#endif

#ifndef FONT_CJK_20
#define FONT_CJK_20 1
#endif

#if FONT_CJK_20

/*-----------------
 *    BITMAPS
 *----------------*/

/*Store the image of the glyphs*/
static LV_ATTRIBUTE_LARGE_CONST const uint8_t glyph_bitmap[] = {
    /* U+0020 " " */

    /* U+0021 "!" */
    0xb, 0xf9, 0xa, 0xf8, 0xa, 0xf8, 0x9, 0xf7,
    0x9, 0xf7, 0x8, 0xf6, 0x7, 0xf5, 0x7, 0xf5,
    0x6, 0xf4, 0x5, 0xf3, 0x0, 0x30, 0xa, 0xf8,
    0xf, 0xfe, 0x8, 0xe6,

    /* U+0022 "\"" */
    0x3f, 0xf2, 0xd, 0xf8, 0x2f, 0xf1, 0xc, 0xf8,
    0x2f, 0xf1, 0xb, 0xf7, 0xf, 0xf0, 0x9, 0xf5,
    0xe, 0xd0, 0x8, 0xf3, 0xc, 0xb0, 0x6, 0xf1,
    0x1, 0x10, 0x0, 0x20,

    /* U+0023 "#" */
    0x0, 0x4, 0xf2, 0x1, 0xf5, 0x0, 0x0, 0x7f,
    0x0, 0x4f, 0x20, 0x0, 0x9, 0xc0, 0x6, 0xf0,
    0x0, 0xcf, 0xff, 0xff, 0xff, 0xfb, 0x6, 0x8f,
    0xc8, 0x8d, 0xd8, 0x60, 0x0, 0xf6, 0x0, 0xca,
    0x0, 0x0, 0x1f, 0x40, 0xe, 0x80, 0x0, 0x3,
    0xf3, 0x0, 0xf6, 0x0, 0x3f, 0xff, 0xff, 0xff,
    0xff, 0x41, 0x7b, 0xf7, 0x7a, 0xf9, 0x72, 0x0,
    0x9d, 0x0, 0x6f, 0x10, 0x0, 0xb, 0xb0, 0x8,
    0xf0, 0x0, 0x0, 0xd9, 0x0, 0x9d, 0x0, 0x0,
    0xf, 0x70, 0xb, 0xb0, 0x0,

    /* U+0024 "$" */
    0x0, 0x0, 0xf8, 0x0, 0x0, 0x0, 0x0, 0xf8,
    0x0, 0x0, 0x0, 0x3a, 0xfe, 0x82, 0x0, 0x6,
    0xff, 0xff, 0xff, 0x50, 0x1f, 0xf8, 0x11, 0x7f,
    0x40, 0x4f, 0xe0, 0x0, 0x0, 0x0, 0x4f, 0xf0,
    0x0, 0x0, 0x0, 0x1f, 0xfb, 0x10, 0x0, 0x0,
    0x5, 0xff, 0xf8, 0x0, 0x0, 0x0, 0x2b, 0xff,
    0xd3, 0x0, 0x0, 0x0, 0x5e, 0xff, 0x40, 0x0,
    0x0, 0x0, 0xcf, 0xc0, 0x0, 0x0, 0x0, 0x4f,
    0xf0, 0x2, 0x0, 0x0, 0x4f, 0xe0, 0x7f, 0x83,
    0x2, 0xcf, 0xa0, 0x6f, 0xff, 0xff, 0xfe, 0x10,
    0x1, 0x7b, 0xfe, 0x71, 0x0, 0x0, 0x0, 0xf8,
    0x0, 0x0, 0x0, 0x0, 0xf8, 0x0, 0x0,

    /* U+0025 "%" */
    0x0, 0x8d, 0xeb, 0x10, 0x0, 0x0, 0x9d, 0x0,
    0x0, 0x0, 0x9f, 0x86, 0xed, 0x0, 0x0, 0x2f,
    0x40, 0x0, 0x0, 0xf, 0xa0, 0x5, 0xf5, 0x0,
    0xc, 0xb0, 0x0, 0x0, 0x3, 0xf7, 0x0, 0x2f,
    0x80, 0x5, 0xf2, 0x0, 0x0, 0x0, 0x3f, 0x70,
    0x1, 0xf9, 0x0, 0xd8, 0x0, 0x0, 0x0, 0x1,
    0xf9, 0x0, 0x4f, 0x60, 0x7e, 0x3, 0xcf, 0xd5,
    0x0, 0xb, 0xf4, 0x2c, 0xf1, 0x1f, 0x61, 0xfc,
    0x5a, 0xf4, 0x0, 0x1c, 0xff, 0xe4, 0xa, 0xc0,
    0x8f, 0x20, 0xe, 0xc0, 0x0, 0x1, 0x20, 0x3,
    0xf3, 0xb, 0xf0, 0x0, 0xae, 0x0, 0x0, 0x0,
    0x0, 0xca, 0x0, 0xce, 0x0, 0x9, 0xf0, 0x0,
    0x0, 0x0, 0x5f, 0x20, 0xa, 0xf0, 0x0, 0xbe,
    0x0, 0x0, 0x0, 0xe, 0x80, 0x0, 0x7f, 0x30,
    0xe, 0xb0, 0x0, 0x0, 0x8, 0xe0, 0x0, 0x1,
    0xed, 0x6b, 0xf3, 0x0, 0x0, 0x1, 0xf5, 0x0,
    0x0, 0x2, 0xbf, 0xc4, 0x0,

    /* U+0026 "&" */
    0x0, 0x1, 0x9e, 0xfb, 0x20, 0x0, 0x0, 0x0,
    0xc, 0xfc, 0xbf, 0xe0, 0x0, 0x0, 0x0, 0x4f,
    0xd0, 0xb, 0xf3, 0x0, 0x0, 0x0, 0x6f, 0x80,
    0xb, 0xf1, 0x0, 0x0, 0x0, 0x3f, 0xa0, 0x5f,
    0xa0, 0x0, 0x0, 0x0, 0xd, 0xf8, 0xf9, 0x0,
    0x0, 0x0, 0x0, 0xb, 0xff, 0x60, 0x0, 0x6,
    0xa4, 0x1, 0xcf, 0xff, 0xb0, 0x0, 0xf, 0xf1,
    0xc, 0xfa, 0x1d, 0xfa, 0x0, 0x7f, 0xa0, 0x2f,
    0xf1, 0x1, 0xdf, 0xc4, 0xff, 0x20, 0x3f, 0xf0,
    0x0, 0x1c, 0xff, 0xf6, 0x0, 0xf, 0xf9, 0x0,
    0x6, 0xff, 0xfc, 0x40, 0x6, 0xff, 0xfc, 0xef,
    0xf9, 0xdf, 0xf9, 0x0, 0x3b, 0xef, 0xc9, 0x20,
    0x6, 0xc5,

    /* U+0027 "'" */
    0x3f, 0xf2, 0x2f, 0xf1, 0x2f, 0xf1, 0xf, 0xf0,
    0xe, 0xd0, 0xc, 0xb0, 0x1, 0x10,

    /* U+0028 "(" */
    0x0, 0x0, 0x0, 0x0, 0x9, 0xc0, 0x0, 0x2f,
    0xb0, 0x0, 0xaf, 0x20, 0x1, 0xfc, 0x0, 0x6,
    0xf7, 0x0, 0xa, 0xf3, 0x0, 0xe, 0xf0, 0x0,
    0xf, 0xd0, 0x0, 0x1f, 0xc0, 0x0, 0x3f, 0xb0,
    0x0, 0x2f, 0xb0, 0x0, 0x1f, 0xc0, 0x0, 0xf,
    0xd0, 0x0, 0xd, 0xf0, 0x0, 0x9, 0xf3, 0x0,
    0x5, 0xf8, 0x0, 0x0, 0xed, 0x0, 0x0, 0x8f,
    0x40, 0x0, 0x1f, 0xc0, 0x0, 0x6, 0x80,

    /* U+0029 ")" */
    0x0, 0x0, 0x0, 0xb, 0xa0, 0x0, 0x9, 0xf3,
    0x0, 0x1, 0xfb, 0x0, 0x0, 0xbf, 0x20, 0x0,
    0x5f, 0x80, 0x0, 0x1f, 0xc0, 0x0, 0xe, 0xf0,
    0x0, 0xb, 0xf2, 0x0, 0xa, 0xf3, 0x0, 0x9,
    0xf5, 0x0, 0x9, 0xf4, 0x0, 0xa, 0xf3, 0x0,
    0xc, 0xf2, 0x0, 0xe, 0xf0, 0x0, 0x2f, 0xb0,
    0x0, 0x6f, 0x70, 0x0, 0xcf, 0x10, 0x2, 0xfa,
    0x0, 0xb, 0xf2, 0x0, 0x8, 0x70, 0x0,

    /* U+002A "*" */
    0x0, 0xd, 0x80, 0x0, 0x0, 0xf, 0x90, 0x0,
    0xae, 0xaf, 0xdb, 0xf4, 0x3a, 0xff, 0xfe, 0x81,
    0x0, 0xdf, 0xf8, 0x0, 0x7, 0xf6, 0xbf, 0x20,
    0x6, 0x80, 0xa, 0x20,

    /* U+002B "+" */
    0x0, 0x0, 0x1, 0x0, 0x0, 0x0, 0x0, 0x3,
    0xf9, 0x0, 0x0, 0x0, 0x0, 0x3f, 0x90, 0x0,
    0x0, 0x0, 0x3, 0xf9, 0x0, 0x0, 0x0, 0x0,
    0x3f, 0x90, 0x0, 0x3, 0xff, 0xff, 0xff, 0xff,
    0xfa, 0x29, 0x99, 0xbf, 0xd9, 0x99, 0x60, 0x0,
    0x3, 0xf9, 0x0, 0x0, 0x0, 0x0, 0x3f, 0x90,
    0x0, 0x0, 0x0, 0x3, 0xf9, 0x0, 0x0, 0x0,
    0x0, 0x3f, 0x90, 0x0, 0x0,

    /* U+002C "," */
    0x1b, 0xc2, 0x6f, 0xfb, 0x1d, 0xfd, 0x0, 0xdb,
    0x6, 0xf5, 0x9f, 0xa0, 0x87, 0x0,

    /* U+002D "-" */
    0xa, 0xaa, 0xaa, 0x20, 0xff, 0xff, 0xf3,

    /* U+002E "." */
    0x0, 0x0, 0x3e, 0xe2, 0x7f, 0xf7, 0x2c, 0xc1,

    /* U+002F "/" */
    0x0, 0x0, 0x5, 0xf3, 0x0, 0x0, 0xa, 0xe0,
    0x0, 0x0, 0xe, 0xa0, 0x0, 0x0, 0x3f, 0x50,
    0x0, 0x0, 0x8f, 0x10, 0x0, 0x0, 0xdc, 0x0,
    0x0, 0x1, 0xf7, 0x0, 0x0, 0x6, 0xf3, 0x0,
    0x0, 0xb, 0xe0, 0x0, 0x0, 0xf, 0x90, 0x0,
    0x0, 0x4f, 0x50, 0x0, 0x0, 0x9f, 0x0, 0x0,
    0x0, 0xdb, 0x0, 0x0, 0x2, 0xf7, 0x0, 0x0,
    0x7, 0xf2, 0x0, 0x0, 0xb, 0xd0, 0x0, 0x0,
    0xf, 0x90, 0x0, 0x0, 0x5f, 0x40, 0x0, 0x0,
    0x9f, 0x0, 0x0, 0x0,

    /* U+0030 "0" */
    0x0, 0x5, 0xbe, 0xd9, 0x0, 0x0, 0x7, 0xff,
    0xdf, 0xfc, 0x10, 0x1, 0xff, 0x40, 0xc, 0xf7,
    0x0, 0x8f, 0xb0, 0x0, 0x4f, 0xe0, 0xc, 0xf6,
    0x0, 0x0, 0xff, 0x20, 0xef, 0x40, 0x0, 0xd,
    0xf4, 0xf, 0xf3, 0x0, 0x0, 0xcf, 0x60, 0xff,
    0x30, 0x0, 0xc, 0xf6, 0xe, 0xf4, 0x0, 0x0,
    0xdf, 0x40, 0xcf, 0x60, 0x0, 0xf, 0xf2, 0x8,
    0xfb, 0x0, 0x4, 0xfe, 0x0, 0x1f, 0xf5, 0x1,
    0xdf, 0x70, 0x0, 0x7f, 0xfd, 0xff, 0xc0, 0x0,
    0x0, 0x5b, 0xed, 0x80, 0x0,

    /* U+0031 "1" */
    0x0, 0x38, 0xff, 0x40, 0x0, 0xb, 0xff, 0xff,
    0x40, 0x0, 0x5, 0x77, 0xff, 0x40, 0x0, 0x0,
    0x0, 0xff, 0x40, 0x0, 0x0, 0x0, 0xff, 0x40,
    0x0, 0x0, 0x0, 0xff, 0x40, 0x0, 0x0, 0x0,
    0xff, 0x40, 0x0, 0x0, 0x0, 0xff, 0x40, 0x0,
    0x0, 0x0, 0xff, 0x40, 0x0, 0x0, 0x0, 0xff,
    0x40, 0x0, 0x0, 0x0, 0xff, 0x40, 0x0, 0x0,
    0x0, 0xff, 0x40, 0x0, 0x4d, 0xdd, 0xff, 0xed,
    0xd1, 0x4f, 0xff, 0xff, 0xff, 0xf1,

    /* U+0032 "2" */
    0x0, 0x3b, 0xef, 0xc7, 0x0, 0x0, 0x7f, 0xfe,
    0xef, 0xfb, 0x0, 0xc, 0xd3, 0x0, 0x4f, 0xf5,
    0x0, 0x1, 0x0, 0x0, 0xbf, 0x90, 0x0, 0x0,
    0x0, 0xa, 0xf9, 0x0, 0x0, 0x0, 0x0, 0xdf,
    0x60, 0x0, 0x0, 0x0, 0x4f, 0xf1, 0x0, 0x0,
    0x0, 0xd, 0xf8, 0x0, 0x0, 0x0, 0xa, 0xfc,
    0x0, 0x0, 0x0, 0x9, 0xfe, 0x10, 0x0, 0x0,
    0x9, 0xfe, 0x20, 0x0, 0x0, 0xb, 0xfe, 0x20,
    0x0, 0x0, 0xc, 0xff, 0xed, 0xee, 0xee, 0x61,
    0xff, 0xff, 0xff, 0xff, 0xf6,

    /* U+0033 "3" */
    0x0, 0x39, 0xdf, 0xd9, 0x20, 0x0, 0x7f, 0xfe,
    0xef, 0xff, 0x30, 0x3, 0xa3, 0x0, 0x2d, 0xf9,
    0x0, 0x0, 0x0, 0x0, 0x9f, 0xb0, 0x0, 0x0,
    0x0, 0x3e, 0xf6, 0x0, 0x0, 0x4b, 0xdf, 0xe7,
    0x0, 0x0, 0x6, 0xff, 0xfc, 0x40, 0x0, 0x0,
    0x1, 0x38, 0xff, 0x60, 0x0, 0x0, 0x0, 0x6,
    0xff, 0x0, 0x0, 0x0, 0x0, 0x1f, 0xf3, 0x3,
    0x0, 0x0, 0x3, 0xff, 0x11, 0xed, 0x40, 0x2,
    0xdf, 0xd0, 0x1b, 0xff, 0xfe, 0xff, 0xf2, 0x0,
    0x6, 0xbe, 0xfd, 0x91, 0x0,

    /* U+0034 "4" */
    0x0, 0x0, 0x2, 0xff, 0xe0, 0x0, 0x0, 0x0,
    0xcf, 0xfe, 0x0, 0x0, 0x0, 0x7f, 0xbf, 0xe0,
    0x0, 0x0, 0x2f, 0xe4, 0xfe, 0x0, 0x0, 0xd,
    0xf6, 0x3f, 0xe0, 0x0, 0x8, 0xfb, 0x3, 0xfe,
    0x0, 0x3, 0xfe, 0x10, 0x3f, 0xe0, 0x0, 0xdf,
    0x40, 0x3, 0xfe, 0x0, 0x8f, 0xfb, 0xbb, 0xcf,
    0xfb, 0x99, 0xff, 0xff, 0xff, 0xff, 0xfc, 0x0,
    0x0, 0x0, 0x3f, 0xe0, 0x0, 0x0, 0x0, 0x3,
    0xfe, 0x0, 0x0, 0x0, 0x0, 0x3f, 0xe0, 0x0,
    0x0, 0x0, 0x3, 0xfe, 0x0,

    /* U+0035 "5" */
    0x0, 0xef, 0xff, 0xff, 0xf9, 0x0, 0xf, 0xfe,
    0xee, 0xee, 0x90, 0x0, 0xff, 0x10, 0x0, 0x0,
    0x0, 0x1f, 0xf0, 0x0, 0x0, 0x0, 0x2, 0xfe,
    0x59, 0x85, 0x0, 0x0, 0x3f, 0xff, 0xff, 0xfd,
    0x10, 0x0, 0x97, 0x10, 0x5e, 0xfb, 0x0, 0x0,
    0x0, 0x0, 0x5f, 0xf0, 0x0, 0x0, 0x0, 0x1,
    0xff, 0x30, 0x0, 0x0, 0x0, 0x1f, 0xf3, 0x2,
    0x0, 0x0, 0x5, 0xff, 0x1, 0xec, 0x30, 0x4,
    0xef, 0x90, 0x1b, 0xff, 0xfe, 0xff, 0xd0, 0x0,
    0x6, 0xbe, 0xfc, 0x70, 0x0,

    /* U+0036 "6" */
    0x0, 0x8, 0xcf, 0xc9, 0x10, 0x2, 0xdf, 0xfe,
    0xff, 0xe1, 0xc, 0xfb, 0x10, 0x6, 0x40, 0x4f,
    0xe0, 0x0, 0x0, 0x0, 0x9f, 0x80, 0x0, 0x0,
    0x0, 0xcf, 0x55, 0xcf, 0xd7, 0x0, 0xef, 0xcf,
    0xcb, 0xff, 0xa0, 0xef, 0xd2, 0x0, 0x3f, 0xf3,
    0xcf, 0x50, 0x0, 0xb, 0xf6, 0xaf, 0x70, 0x0,
    0xa, 0xf8, 0x6f, 0xc0, 0x0, 0xc, 0xf5, 0xd,
    0xf7, 0x0, 0x5f, 0xf1, 0x4, 0xff, 0xdd, 0xff,
    0x60, 0x0, 0x2a, 0xde, 0xb4, 0x0,

    /* U+0037 "7" */
    0xff, 0xff, 0xff, 0xff, 0xf7, 0xee, 0xee, 0xee,
    0xef, 0xf5, 0x0, 0x0, 0x0, 0x7f, 0xa0, 0x0,
    0x0, 0x2, 0xfe, 0x10, 0x0, 0x0, 0xc, 0xf4,
    0x0, 0x0, 0x0, 0x3f, 0xd0, 0x0, 0x0, 0x0,
    0xaf, 0x60, 0x0, 0x0, 0x1, 0xff, 0x10, 0x0,
    0x0, 0x5, 0xfd, 0x0, 0x0, 0x0, 0x9, 0xfa,
    0x0, 0x0, 0x0, 0xc, 0xf7, 0x0, 0x0, 0x0,
    0xe, 0xf6, 0x0, 0x0, 0x0, 0xf, 0xf5, 0x0,
    0x0, 0x0, 0x1f, 0xf4, 0x0, 0x0,

    /* U+0038 "8" */
    0x0, 0x6, 0xcf, 0xeb, 0x30, 0x0, 0xa, 0xfe,
    0xac, 0xff, 0x30, 0x3, 0xff, 0x10, 0x8, 0xfb,
    0x0, 0x6f, 0xb0, 0x0, 0x1f, 0xe0, 0x3, 0xfd,
    0x0, 0x2, 0xfb, 0x0, 0xa, 0xf9, 0x0, 0x7f,
    0x30, 0x0, 0xb, 0xfe, 0x8f, 0x40, 0x0, 0x6,
    0xf9, 0xaf, 0xfb, 0x10, 0x7, 0xf8, 0x0, 0x2b,
    0xfd, 0x0, 0xef, 0x20, 0x0, 0xe, 0xf5, 0xf,
    0xf0, 0x0, 0x0, 0xcf, 0x60, 0xcf, 0x90, 0x0,
    0x3f, 0xf3, 0x3, 0xff, 0xea, 0xbf, 0xf9, 0x0,
    0x1, 0x9d, 0xfe, 0xb4, 0x0,

    /* U+0039 "9" */
    0x0, 0x19, 0xde, 0xb6, 0x0, 0x0, 0x1e, 0xfe,
    0xcf, 0xfa, 0x0, 0xb, 0xfa, 0x0, 0x2d, 0xf5,
    0x0, 0xff, 0x20, 0x0, 0x5f, 0xd0, 0x1f, 0xf0,
    0x0, 0x0, 0xff, 0x0, 0xff, 0x30, 0x0, 0x1f,
    0xf3, 0xa, 0xfc, 0x20, 0x4e, 0xff, 0x50, 0x1d,
    0xff, 0xff, 0x8e, 0xf4, 0x0, 0x6, 0x98, 0x30,
    0xff, 0x20, 0x0, 0x0, 0x0, 0x3f, 0xf0, 0x0,
    0x0, 0x0, 0xa, 0xfa, 0x0, 0x1a, 0x20, 0x7,
    0xff, 0x20, 0x9, 0xff, 0xef, 0xff, 0x50, 0x0,
    0x6, 0xbe, 0xda, 0x20, 0x0,

    /* U+003A ":" */
    0x2c, 0xc1, 0x7f, 0xf7, 0x3e, 0xe2, 0x0, 0x0,
    0x0, 0x0, 0x0, 0x0, 0x0, 0x0, 0x0, 0x0,
    0x3e, 0xe2, 0x7f, 0xf7, 0x2c, 0xc1,

    /* U+003B ";" */
    0x2c, 0xc1, 0x7f, 0xf7, 0x3e, 0xe2, 0x0, 0x0,
    0x0, 0x0, 0x0, 0x0, 0x0, 0x0, 0x0, 0x0,
    0x1b, 0xc2, 0x6f, 0xfb, 0x1d, 0xfd, 0x0, 0xdb,
    0x6, 0xf5, 0x9f, 0xa0, 0x87, 0x0,

    /* U+003C "<" */
    0x0, 0x0, 0x0, 0x0, 0x17, 0x70, 0x0, 0x0,
    0x4, 0xaf, 0xfa, 0x0, 0x2, 0x8e, 0xff, 0xc6,
    0x10, 0x6c, 0xff, 0xd7, 0x10, 0x0, 0x3f, 0xfa,
    0x30, 0x0, 0x0, 0x2, 0xdf, 0xfb, 0x60, 0x0,
    0x0, 0x0, 0x39, 0xff, 0xfa, 0x50, 0x0, 0x0,
    0x0, 0x5b, 0xff, 0xf7, 0x0, 0x0, 0x0, 0x2,
    0x8e, 0xa0, 0x0, 0x0, 0x0, 0x0, 0x2,

    /* U+003D "=" */
    0x3f, 0xff, 0xff, 0xff, 0xff, 0xa2, 0x99, 0x99,
    0x99, 0x99, 0x96, 0x0, 0x0, 0x0, 0x0, 0x0,
    0x0, 0x0, 0x0, 0x0, 0x0, 0x0, 0x0, 0x0,
    0x0, 0x0, 0x0, 0x3, 0xff, 0xff, 0xff, 0xff,
    0xfa, 0x2a, 0xaa, 0xaa, 0xaa, 0xaa, 0x60,

    /* U+003E ">" */
    0x39, 0x30, 0x0, 0x0, 0x0, 0x3, 0xff, 0xd7,
    0x10, 0x0, 0x0, 0x4, 0x9f, 0xff, 0xb5, 0x0,
    0x0, 0x0, 0x5, 0xaf, 0xfe, 0x82, 0x0, 0x0,
    0x0, 0x16, 0xff, 0xa0, 0x0, 0x0, 0x39, 0xef,
    0xf7, 0x0, 0x28, 0xef, 0xfc, 0x60, 0x2, 0xdf,
    0xfe, 0x82, 0x0, 0x0, 0x3f, 0xa4, 0x0, 0x0,
    0x0, 0x1, 0x10, 0x0, 0x0, 0x0, 0x0,

    /* U+003F "?" */
    0x0, 0x5c, 0xfe, 0xb3, 0x0, 0x9f, 0xfe, 0xff,
    0xf3, 0x5, 0xa1, 0x2, 0xcf, 0xa0, 0x0, 0x0,
    0x7, 0xfb, 0x0, 0x0, 0x0, 0xcf, 0x70, 0x0,
    0x0, 0x9f, 0xb0, 0x0, 0x0, 0x7f, 0xd0, 0x0,
    0x0, 0x2f, 0xf2, 0x0, 0x0, 0x6, 0xfa, 0x0,
    0x0, 0x0, 0x25, 0x30, 0x0, 0x0, 0x0, 0x10,
    0x0, 0x0, 0x0, 0x8f, 0xb0, 0x0, 0x0, 0xd,
    0xff, 0x0, 0x0, 0x0, 0x6e, 0x80, 0x0,

    /* U+0040 "@" */
    0x0, 0x0, 0x0, 0x6b, 0xdf, 0xed, 0x81, 0x0,
    0x0, 0x0, 0x0, 0x6e, 0xfc, 0x87, 0x9c, 0xff,
    0x60, 0x0, 0x0, 0xa, 0xfb, 0x20, 0x0, 0x0,
    0x1b, 0xf8, 0x0, 0x0, 0x9f, 0x80, 0x0, 0x0,
    0x0, 0x0, 0x9f, 0x30, 0x5, 0xfb, 0x0, 0x0,
    0x0, 0x1, 0x0, 0x1e, 0xc0, 0xd, 0xf1, 0x0,
    0x1a, 0xef, 0x8f, 0x80, 0x8, 0xf1, 0x4f, 0x70,
    0x1, 0xde, 0x76, 0xff, 0x40, 0x6, 0xf3, 0x8f,
    0x10, 0xa, 0xf3, 0x0, 0xaf, 0x10, 0x4, 0xf4,
    0xbe, 0x0, 0x1f, 0xb0, 0x0, 0xde, 0x0, 0x5,
    0xf1, 0xdc, 0x0, 0x4f, 0x80, 0x0, 0xfb, 0x0,
    0x8, 0xf0, 0xdc, 0x0, 0x4f, 0x80, 0x3, 0xf9,
    0x0, 0x1f, 0x80, 0xcd, 0x0, 0x1f, 0xd3, 0x4e,
    0xfd, 0x24, 0xdd, 0x0, 0x9f, 0x10, 0x6, 0xff,
    0xe5, 0x5f, 0xff, 0xb1, 0x0, 0x4f, 0x90, 0x0,
    0x12, 0x0, 0x0, 0x30, 0x0, 0x0, 0xc, 0xf4,
    0x0, 0x0, 0x0, 0x0, 0x0, 0x0, 0x0, 0x2,
    0xfe, 0x60, 0x0, 0x0, 0x0, 0x0, 0x0, 0x0,
    0x0, 0x3e, 0xfc, 0x74, 0x24, 0x8e, 0x40, 0x0,
    0x0, 0x0, 0x1, 0x8e, 0xff, 0xff, 0xfa, 0x20,
    0x0, 0x0, 0x0, 0x0, 0x0, 0x24, 0x42, 0x0,
    0x0, 0x0, 0x0,

    /* U+0041 "A" */
    0x0, 0x0, 0x4f, 0xfb, 0x0, 0x0, 0x0, 0x0,
    0xa, 0xff, 0xf1, 0x0, 0x0, 0x0, 0x0, 0xfe,
    0x8f, 0x60, 0x0, 0x0, 0x0, 0x5f, 0x94, 0xfc,
    0x0, 0x0, 0x0, 0xb, 0xf4, 0xf, 0xf2, 0x0,
    0x0, 0x1, 0xff, 0x0, 0xaf, 0x70, 0x0, 0x0,
    0x6f, 0xb0, 0x5, 0xfd, 0x0, 0x0, 0xb, 0xf6,
    0x0, 0xf, 0xf2, 0x0, 0x1, 0xff, 0xdc, 0xcc,
    0xff, 0x80, 0x0, 0x6f, 0xff, 0xff, 0xff, 0xfd,
    0x0, 0xc, 0xf7, 0x0, 0x0, 0x1f, 0xf3, 0x2,
    0xff, 0x20, 0x0, 0x0, 0xcf, 0x90, 0x7f, 0xd0,
    0x0, 0x0, 0x7, 0xfe, 0xd, 0xf8, 0x0, 0x0,
    0x0, 0x2f, 0xf4,

    /* U+0042 "B" */
    0xf, 0xff, 0xff, 0xed, 0x81, 0x0, 0xf, 0xfd,
    0xcc, 0xef, 0xfe, 0x20, 0xf, 0xf4, 0x0, 0x2,
    0xef, 0x80, 0xf, 0xf4, 0x0, 0x0, 0xaf, 0xa0,
    0xf, 0xf4, 0x0, 0x2, 0xef, 0x50, 0xf, 0xfc,
    0xbb, 0xdf, 0xe5, 0x0, 0xf, 0xff, 0xff, 0xff,
    0xfa, 0x10, 0xf, 0xf4, 0x0, 0x14, 0xcf, 0xd0,
    0xf, 0xf4, 0x0, 0x0, 0x1f, 0xf5, 0xf, 0xf4,
    0x0, 0x0, 0xd, 0xf7, 0xf, 0xf4, 0x0, 0x0,
    0xf, 0xf4, 0xf, 0xf4, 0x0, 0x1, 0xbf, 0xf1,
    0xf, 0xfd, 0xcc, 0xdf, 0xff, 0x40, 0xf, 0xff,
    0xff, 0xec, 0x81, 0x0,

    /* U+0043 "C" */
    0x0, 0x1, 0x9c, 0xfe, 0xb3, 0x0, 0x0, 0x6f,
    0xff, 0xff, 0xff, 0x70, 0x5, 0xff, 0xb3, 0x1,
    0x6e, 0x50, 0x1e, 0xfa, 0x0, 0x0, 0x0, 0x0,
    0x7f, 0xf1, 0x0, 0x0, 0x0, 0x0, 0xbf, 0xb0,
    0x0, 0x0, 0x0, 0x0, 0xdf, 0x90, 0x0, 0x0,
    0x0, 0x0, 0xdf, 0x90, 0x0, 0x0, 0x0, 0x0,
    0xbf, 0xb0, 0x0, 0x0, 0x0, 0x0, 0x8f, 0xf1,
    0x0, 0x0, 0x0, 0x0, 0x1f, 0xfa, 0x0, 0x0,
    0x1, 0x10, 0x6, 0xff, 0xb3, 0x2, 0x6e, 0xc0,
    0x0, 0x7f, 0xff, 0xff, 0xff, 0x80, 0x0, 0x2,
    0x9c, 0xfe, 0xb4, 0x0,

    /* U+0044 "D" */
    0xf, 0xff, 0xfe, 0xb9, 0x20, 0x0, 0xf, 0xfe,
    0xdf, 0xff, 0xf8, 0x0, 0xf, 0xf4, 0x0, 0x2a,
    0xff, 0x70, 0xf, 0xf4, 0x0, 0x0, 0x9f, 0xf2,
    0xf, 0xf4, 0x0, 0x0, 0xe, 0xf7, 0xf, 0xf4,
    0x0, 0x0, 0xc, 0xfa, 0xf, 0xf4, 0x0, 0x0,
    0x9, 0xfc, 0xf, 0xf4, 0x0, 0x0, 0x9, 0xfc,
    0xf, 0xf4, 0x0, 0x0, 0xc, 0xf9, 0xf, 0xf4,
    0x0, 0x0, 0x1f, 0xf7, 0xf, 0xf4, 0x0, 0x0,
    0x9f, 0xf1, 0xf, 0xf4, 0x0, 0x2b, 0xff, 0x70,
    0xf, 0xfe, 0xdf, 0xff, 0xf8, 0x0, 0xf, 0xff,
    0xfe, 0xb9, 0x20, 0x0,

    /* U+0045 "E" */
    0xf, 0xff, 0xff, 0xff, 0xfa, 0xf, 0xfe, 0xee,
    0xee, 0xe9, 0xf, 0xf4, 0x0, 0x0, 0x0, 0xf,
    0xf4, 0x0, 0x0, 0x0, 0xf, 0xf4, 0x0, 0x0,
    0x0, 0xf, 0xff, 0xee, 0xee, 0x90, 0xf, 0xff,
    0xff, 0xff, 0xa0, 0xf, 0xf4, 0x0, 0x0, 0x0,
    0xf, 0xf4, 0x0, 0x0, 0x0, 0xf, 0xf4, 0x0,
    0x0, 0x0, 0xf, 0xf4, 0x0, 0x0, 0x0, 0xf,
    0xf4, 0x0, 0x0, 0x0, 0xf, 0xff, 0xee, 0xee,
    0xec, 0xf, 0xff, 0xff, 0xff, 0xfd,

    /* U+0046 "F" */
    0xf, 0xff, 0xff, 0xff, 0xfa, 0xf, 0xfe, 0xee,
    0xee, 0xe9, 0xf, 0xf4, 0x0, 0x0, 0x0, 0xf,
    0xf4, 0x0, 0x0, 0x0, 0xf, 0xf4, 0x0, 0x0,
    0x0, 0xf, 0xf4, 0x0, 0x0, 0x0, 0xf, 0xff,
    0xff, 0xff, 0xb0, 0xf, 0xfe, 0xee, 0xee, 0xa0,
    0xf, 0xf4, 0x0, 0x0, 0x0, 0xf, 0xf4, 0x0,
    0x0, 0x0, 0xf, 0xf4, 0x0, 0x0, 0x0, 0xf,
    0xf4, 0x0, 0x0, 0x0, 0xf, 0xf4, 0x0, 0x0,
    0x0, 0xf, 0xf4, 0x0, 0x0, 0x0,

    /* U+0047 "G" */
    0x0, 0x1, 0x8b, 0xef, 0xc7, 0x0, 0x0, 0x6e,
    0xff, 0xff, 0xff, 0xc1, 0x5, 0xff, 0xc4, 0x10,
    0x3a, 0xa0, 0x1e, 0xfa, 0x0, 0x0, 0x0, 0x0,
    0x7f, 0xf1, 0x0, 0x0, 0x0, 0x0, 0xbf, 0xb0,
    0x0, 0x0, 0x0, 0x0, 0xdf, 0x90, 0x0, 0x5d,
    0xdd, 0xd8, 0xdf, 0x90, 0x0, 0x6f, 0xff, 0xf9,
    0xbf, 0xb0, 0x0, 0x0, 0x8, 0xf9, 0x7f, 0xf1,
    0x0, 0x0, 0x8, 0xf9, 0x1e, 0xfa, 0x0, 0x0,
    0x8, 0xf9, 0x6, 0xff, 0xc4, 0x10, 0x3c, 0xf9,
    0x0, 0x7f, 0xff, 0xff, 0xff, 0xe4, 0x0, 0x2,
    0x9c, 0xee, 0xb8, 0x10,

    /* U+0048 "H" */
    0xf, 0xf4, 0x0, 0x0, 0x6, 0xfd, 0xf, 0xf4,
    0x0, 0x0, 0x6, 0xfd, 0xf, 0xf4, 0x0, 0x0,
    0x6, 0xfd, 0xf, 0xf4, 0x0, 0x0, 0x6, 0xfd,
    0xf, 0xf4, 0x0, 0x0, 0x6, 0xfd, 0xf, 0xff,
    0xff, 0xff, 0xff, 0xfd, 0xf, 0xff, 0xff, 0xff,
    0xff, 0xfd, 0xf, 0xf4, 0x0, 0x0, 0x6, 0xfd,
    0xf, 0xf4, 0x0, 0x0, 0x6, 0xfd, 0xf, 0xf4,
    0x0, 0x0, 0x6, 0xfd, 0xf, 0xf4, 0x0, 0x0,
    0x6, 0xfd, 0xf, 0xf4, 0x0, 0x0, 0x6, 0xfd,
    0xf, 0xf4, 0x0, 0x0, 0x6, 0xfd, 0xf, 0xf4,
    0x0, 0x0, 0x6, 0xfd,

    /* U+0049 "I" */
    0xf, 0xf4, 0xf, 0xf4, 0xf, 0xf4, 0xf, 0xf4,
    0xf, 0xf4, 0xf, 0xf4, 0xf, 0xf4, 0xf, 0xf4,
    0xf, 0xf4, 0xf, 0xf4, 0xf, 0xf4, 0xf, 0xf4,
    0xf, 0xf4, 0xf, 0xf4,

    /* U+004A "J" */
    0x0, 0x0, 0x0, 0x3f, 0xf2, 0x0, 0x0, 0x0,
    0x3f, 0xf2, 0x0, 0x0, 0x0, 0x3f, 0xf2, 0x0,
    0x0, 0x0, 0x3f, 0xf2, 0x0, 0x0, 0x0, 0x3f,
    0xf2, 0x0, 0x0, 0x0, 0x3f, 0xf2, 0x0, 0x0,
    0x0, 0x3f, 0xf2, 0x0, 0x0, 0x0, 0x3f, 0xf2,
    0x0, 0x0, 0x0, 0x3f, 0xf2, 0x0, 0x0, 0x0,
    0x3f, 0xf1, 0x1, 0x30, 0x0, 0x6f, 0xf0, 0x2e,
    0xf4, 0x2, 0xdf, 0xc0, 0xb, 0xff, 0xff, 0xff,
    0x30, 0x0, 0x7d, 0xfe, 0xb2, 0x0,

    /* U+004B "K" */
    0xf, 0xf4, 0x0, 0x0, 0x8f, 0xe2, 0x0, 0xff,
    0x40, 0x0, 0x5f, 0xf4, 0x0, 0xf, 0xf4, 0x0,
    0x3f, 0xf6, 0x0, 0x0, 0xff, 0x40, 0x2e, 0xf8,
    0x0, 0x0, 0xf, 0xf4, 0xd, 0xfb, 0x0, 0x0,
    0x0, 0xff, 0x4b, 0xff, 0x10, 0x0, 0x0, 0xf,
    0xfc, 0xff, 0xf9, 0x0, 0x0, 0x0, 0xff, 0xff,
    0x7f, 0xf3, 0x0, 0x0, 0xf, 0xff, 0x60, 0xaf,
    0xd0, 0x0, 0x0, 0xff, 0x80, 0x1, 0xff, 0x70,
    0x0, 0xf, 0xf4, 0x0, 0x6, 0xff, 0x20, 0x0,
    0xff, 0x40, 0x0, 0xc, 0xfb, 0x0, 0xf, 0xf4,
    0x0, 0x0, 0x3f, 0xf5, 0x0, 0xff, 0x40, 0x0,
    0x0, 0x9f, 0xe0,

    /* U+004C "L" */
    0xf, 0xf4, 0x0, 0x0, 0x0, 0xf, 0xf4, 0x0,
    0x0, 0x0, 0xf, 0xf4, 0x0, 0x0, 0x0, 0xf,
    0xf4, 0x0, 0x0, 0x0, 0xf, 0xf4, 0x0, 0x0,
    0x0, 0xf, 0xf4, 0x0, 0x0, 0x0, 0xf, 0xf4,
    0x0, 0x0, 0x0, 0xf, 0xf4, 0x0, 0x0, 0x0,
    0xf, 0xf4, 0x0, 0x0, 0x0, 0xf, 0xf4, 0x0,
    0x0, 0x0, 0xf, 0xf4, 0x0, 0x0, 0x0, 0xf,
    0xf4, 0x0, 0x0, 0x0, 0xf, 0xff, 0xee, 0xee,
    0xe7, 0xf, 0xff, 0xff, 0xff, 0xf7,

    /* U+004D "M" */
    0xf, 0xfc, 0x0, 0x0, 0x0, 0x3f, 0xfa, 0xf,
    0xff, 0x20, 0x0, 0x0, 0x9f, 0xfa, 0xf, 0xff,
    0x90, 0x0, 0x0, 0xef, 0xfa, 0xf, 0xce, 0xe0,
    0x0, 0x5, 0xfb, 0xfa, 0xf, 0xe8, 0xf5, 0x0,
    0xb, 0xf7, 0xfa, 0xf, 0xf3, 0xfb, 0x0, 0x1f,
    0xb6, 0xfa, 0xf, 0xf0, 0xcf, 0x10, 0x6f, 0x57,
    0xfa, 0xf, 0xf0, 0x6f, 0x70, 0xcf, 0x7, 0xfa,
    0xf, 0xf0, 0x1f, 0xc2, 0xf9, 0x7, 0xfa, 0xf,
    0xf0, 0xa, 0xfa, 0xf3, 0x7, 0xfa, 0xf, 0xf0,
    0x4, 0xff, 0xd0, 0x7, 0xfa, 0xf, 0xf0, 0x0,
    0xdf, 0x60, 0x7, 0xfa, 0xf, 0xf0, 0x0, 0x5a,
    0x10, 0x7, 0xfa, 0xf, 0xf0, 0x0, 0x0, 0x0,
    0x7, 0xfa,

    /* U+004E "N" */
    0xf, 0xf9, 0x0, 0x0, 0x7, 0xfb, 0xf, 0xff,
    0x30, 0x0, 0x7, 0xfb, 0xf, 0xff, 0xc0, 0x0,
    0x7, 0xfb, 0xf, 0xeb, 0xf6, 0x0, 0x7, 0xfb,
    0xf, 0xf2, 0xfe, 0x10, 0x7, 0xfb, 0xf, 0xf0,
    0xaf, 0x90, 0x7, 0xfb, 0xf, 0xf1, 0x1f, 0xf2,
    0x7, 0xfb, 0xf, 0xf2, 0x7, 0xfc, 0x6, 0xfb,
    0xf, 0xf2, 0x0, 0xdf, 0x55, 0xfb, 0xf, 0xf2,
    0x0, 0x4f, 0xd4, 0xfb, 0xf, 0xf2, 0x0, 0xb,
    0xf9, 0xfb, 0xf, 0xf2, 0x0, 0x2, 0xff, 0xfb,
    0xf, 0xf2, 0x0, 0x0, 0x8f, 0xfb, 0xf, 0xf2,
    0x0, 0x0, 0xe, 0xfb,

    /* U+004F "O" */
    0x0, 0x3, 0xac, 0xfd, 0xa4, 0x0, 0x0, 0x8,
    0xff, 0xff, 0xff, 0xf9, 0x0, 0x7, 0xff, 0x92,
    0x2, 0x8f, 0xf8, 0x2, 0xff, 0x80, 0x0, 0x0,
    0x7f, 0xf2, 0x7f, 0xe0, 0x0, 0x0, 0x0, 0xef,
    0x8a, 0xfb, 0x0, 0x0, 0x0, 0x9, 0xfb, 0xcf,
    0x90, 0x0, 0x0, 0x0, 0x7f, 0xec, 0xf9, 0x0,
    0x0, 0x0, 0x7, 0xfd, 0xaf, 0xb0, 0x0, 0x0,
    0x0, 0xaf, 0xb7, 0xff, 0x10, 0x0, 0x0, 0xe,
    0xf8, 0x1f, 0xf9, 0x0, 0x0, 0x8, 0xff, 0x20,
    0x7f, 0xfa, 0x30, 0x29, 0xff, 0x80, 0x0, 0x8f,
    0xff, 0xff, 0xff, 0x90, 0x0, 0x0, 0x39, 0xcf,
    0xda, 0x40, 0x0,

    /* U+0050 "P" */
    0xf, 0xff, 0xff, 0xec, 0x61, 0x0, 0xf, 0xfd,
    0xdd, 0xff, 0xfd, 0x10, 0xf, 0xf4, 0x0, 0x4,
    0xef, 0xa0, 0xf, 0xf4, 0x0, 0x0, 0x6f, 0xd0,
    0xf, 0xf4, 0x0, 0x0, 0x5f, 0xf0, 0xf, 0xf4,
    0x0, 0x0, 0x8f, 0xc0, 0xf, 0xf4, 0x0, 0x27,
    0xff, 0x70, 0xf, 0xff, 0xff, 0xff, 0xf9, 0x0,
    0xf, 0xfe, 0xdd, 0xb9, 0x30, 0x0, 0xf, 0xf4,
    0x0, 0x0, 0x0, 0x0, 0xf, 0xf4, 0x0, 0x0,
    0x0, 0x0, 0xf, 0xf4, 0x0, 0x0, 0x0, 0x0,
    0xf, 0xf4, 0x0, 0x0, 0x0, 0x0, 0xf, 0xf4,
    0x0, 0x0, 0x0, 0x0,

    /* U+0051 "Q" */
    0x0, 0x3, 0x9c, 0xfd, 0xa4, 0x0, 0x0, 0x0,
    0x7f, 0xff, 0xff, 0xff, 0x80, 0x0, 0x6, 0xff,
    0xa3, 0x2, 0x9f, 0xf8, 0x0, 0x1e, 0xf9, 0x0,
    0x0, 0x8, 0xff, 0x10, 0x7f, 0xf1, 0x0, 0x0,
    0x0, 0xef, 0x80, 0x9f, 0xb0, 0x0, 0x0, 0x0,
    0xaf, 0xa0, 0xcf, 0x90, 0x0, 0x0, 0x0, 0x8f,
    0xd0, 0xdf, 0x80, 0x0, 0x0, 0x0, 0x7f, 0xe0,
    0xbf, 0xa0, 0x0, 0x0, 0x0, 0x9f, 0xc0, 0x9f,
    0xd0, 0x0, 0x0, 0x0, 0xbf, 0xa0, 0x4f, 0xf4,
    0x0, 0x0, 0x2, 0xff, 0x50, 0xc, 0xfd, 0x10,
    0x0, 0x1c, 0xfd, 0x0, 0x2, 0xef, 0xe8, 0x57,
    0xdf, 0xe3, 0x0, 0x0, 0x2c, 0xff, 0xff, 0xfc,
    0x30, 0x0, 0x0, 0x0, 0x2a, 0xff, 0x50, 0x0,
    0x0, 0x0, 0x0, 0x0, 0xef, 0xe4, 0x0, 0x0,
    0x0, 0x0, 0x0, 0x2d, 0xff, 0xfe, 0xf2, 0x0,
    0x0, 0x0, 0x0, 0x6c, 0xef, 0xd3,

    /* U+0052 "R" */
    0xf, 0xff, 0xff, 0xed, 0x82, 0x0, 0xf, 0xfd,
    0xdd, 0xef, 0xff, 0x30, 0xf, 0xf4, 0x0, 0x2,
    0xcf, 0xc0, 0xf, 0xf4, 0x0, 0x0, 0x4f, 0xf0,
    0xf, 0xf4, 0x0, 0x0, 0x5f, 0xf0, 0xf, 0xf4,
    0x0, 0x3, 0xef, 0xb0, 0xf, 0xfd, 0xcd, 0xef,
    0xfe, 0x20, 0xf, 0xff, 0xff, 0xff, 0x81, 0x0,
    0xf, 0xf4, 0x1, 0xff, 0x70, 0x0, 0xf, 0xf4,
    0x0, 0x8f, 0xf1, 0x0, 0xf, 0xf4, 0x0, 0xe,
    0xf9, 0x0, 0xf, 0xf4, 0x0, 0x6, 0xff, 0x20,
    0xf, 0xf4, 0x0, 0x0, 0xdf, 0xb0, 0xf, 0xf4,
    0x0, 0x0, 0x4f, 0xf4,

    /* U+0053 "S" */
    0x0, 0x3, 0xbd, 0xfc, 0x92, 0x0, 0x0, 0x7f,
    0xff, 0xff, 0xff, 0x60, 0x2, 0xff, 0x91, 0x2,
    0x7e, 0x40, 0x5, 0xff, 0x0, 0x0, 0x0, 0x0,
    0x4, 0xff, 0x40, 0x0, 0x0, 0x0, 0x0, 0xcf,
    0xfa, 0x30, 0x0, 0x0, 0x0, 0x8, 0xff, 0xfd,
    0x60, 0x0, 0x0, 0x0, 0x28, 0xef, 0xfd, 0x20,
    0x0, 0x0, 0x0, 0x6, 0xef, 0xd0, 0x0, 0x0,
    0x0, 0x0, 0x4f, 0xf3, 0x0, 0x50, 0x0, 0x0,
    0x2f, 0xf3, 0xb, 0xfc, 0x52, 0x3, 0xcf, 0xe0,
    0x4, 0xef, 0xff, 0xff, 0xff, 0x30, 0x0, 0x7,
    0xcf, 0xfc, 0x91, 0x0,

    /* U+0054 "T" */
    0x5f, 0xff, 0xff, 0xff, 0xff, 0xf9, 0x5e, 0xee,
    0xef, 0xfe, 0xee, 0xe8, 0x0, 0x0, 0x1f, 0xf4,
    0x0, 0x0, 0x0, 0x0, 0x1f, 0xf4, 0x0, 0x0,
    0x0, 0x0, 0x1f, 0xf4, 0x0, 0x0, 0x0, 0x0,
    0x1f, 0xf4, 0x0, 0x0, 0x0, 0x0, 0x1f, 0xf4,
    0x0, 0x0, 0x0, 0x0, 0x1f, 0xf4, 0x0, 0x0,
    0x0, 0x0, 0x1f, 0xf4, 0x0, 0x0, 0x0, 0x0,
    0x1f, 0xf4, 0x0, 0x0, 0x0, 0x0, 0x1f, 0xf4,
    0x0, 0x0, 0x0, 0x0, 0x1f, 0xf4, 0x0, 0x0,
    0x0, 0x0, 0x1f, 0xf4, 0x0, 0x0, 0x0, 0x0,
    0x1f, 0xf4, 0x0, 0x0,

    /* U+0055 "U" */
    0x2f, 0xf2, 0x0, 0x0, 0x6, 0xfc, 0x2f, 0xf2,
    0x0, 0x0, 0x6, 0xfc, 0x2f, 0xf2, 0x0, 0x0,
    0x6, 0xfc, 0x2f, 0xf2, 0x0, 0x0, 0x6, 0xfc,
    0x2f, 0xf2, 0x0, 0x0, 0x6, 0xfc, 0x2f, 0xf2,
    0x0, 0x0, 0x6, 0xfc, 0x2f, 0xf2, 0x0, 0x0,
    0x6, 0xfc, 0x2f, 0xf3, 0x0, 0x0, 0x7, 0xfc,
    0x1f, 0xf4, 0x0, 0x0, 0x8, 0xfc, 0xf, 0xf6,
    0x0, 0x0, 0xa, 0xfa, 0xc, 0xfb, 0x0, 0x0,
    0x1f, 0xf6, 0x4, 0xff, 0x91, 0x3, 0xcf, 0xe0,
    0x0, 0x9f, 0xff, 0xff, 0xff, 0x40, 0x0, 0x4,
    0xbe, 0xfd, 0xa2, 0x0,

    /* U+0056 "V" */
    0xe, 0xf9, 0x0, 0x0, 0x0, 0x9f, 0xc0, 0x8f,
    0xd0, 0x0, 0x0, 0xe, 0xf7, 0x3, 0xff, 0x20,
    0x0, 0x2, 0xff, 0x10, 0xe, 0xf7, 0x0, 0x0,
    0x7f, 0xc0, 0x0, 0x8f, 0xc0, 0x0, 0xc, 0xf7,
    0x0, 0x3, 0xff, 0x10, 0x1, 0xff, 0x10, 0x0,
    0xe, 0xf5, 0x0, 0x5f, 0xc0, 0x0, 0x0, 0x9f,
    0xa0, 0xa, 0xf7, 0x0, 0x0, 0x3, 0xff, 0x0,
    0xff, 0x20, 0x0, 0x0, 0xe, 0xf4, 0x4f, 0xc0,
    0x0, 0x0, 0x0, 0x9f, 0x88, 0xf7, 0x0, 0x0,
    0x0, 0x3, 0xfd, 0xdf, 0x20, 0x0, 0x0, 0x0,
    0xe, 0xff, 0xc0, 0x0, 0x0, 0x0, 0x0, 0x9f,
    0xf7, 0x0, 0x0,

    /* U+0057 "W" */
    0x7f, 0xe0, 0x0, 0x2, 0xff, 0x20, 0x0, 0xe,
    0xf4, 0x3f, 0xf1, 0x0, 0x6, 0xff, 0x60, 0x0,
    0x1f, 0xf1, 0xf, 0xf5, 0x0, 0xa, 0xff, 0xb0,
    0x0, 0x4f, 0xe0, 0xc, 0xf8, 0x0, 0xe, 0xce,
    0xf0, 0x0, 0x7f, 0xa0, 0x9, 0xfb, 0x0, 0x2f,
    0x9b, 0xf3, 0x0, 0xaf, 0x70, 0x6, 0xfe, 0x0,
    0x7f, 0x57, 0xf7, 0x0, 0xef, 0x40, 0x2, 0xff,
    0x10, 0xbf, 0x24, 0xfb, 0x1, 0xff, 0x0, 0x0,
    0xff, 0x40, 0xfe, 0x0, 0xff, 0x4, 0xfd, 0x0,
    0x0, 0xbf, 0x62, 0xfa, 0x0, 0xcf, 0x36, 0xfa,
    0x0, 0x0, 0x8f, 0x96, 0xf6, 0x0, 0x8f, 0x69,
    0xf6, 0x0, 0x0, 0x4f, 0xc9, 0xf2, 0x0, 0x4f,
    0xab, 0xf3, 0x0, 0x0, 0x1f, 0xfd, 0xe0, 0x0,
    0xf, 0xee, 0xf0, 0x0, 0x0, 0xe, 0xff, 0xa0,
    0x0, 0xb, 0xff, 0xc0, 0x0, 0x0, 0xa, 0xff,
    0x60, 0x0, 0x7, 0xff, 0x90, 0x0,

    /* U+0058 "X" */
    0x2f, 0xf6, 0x0, 0x0, 0x5f, 0xf1, 0x8, 0xfe,
    0x0, 0x0, 0xdf, 0x70, 0x0, 0xef, 0x80, 0x6,
    0xfe, 0x0, 0x0, 0x5f, 0xf1, 0xe, 0xf5, 0x0,
    0x0, 0xc, 0xf9, 0x6f, 0xc0, 0x0, 0x0, 0x3,
    0xff, 0xef, 0x30, 0x0, 0x0, 0x0, 0xaf, 0xfa,
    0x0, 0x0, 0x0, 0x0, 0xdf, 0xfc, 0x0, 0x0,
    0x0, 0x7, 0xfb, 0xef, 0x50, 0x0, 0x0, 0x1f,
    0xf2, 0x7f, 0xe0, 0x0, 0x0, 0xaf, 0xa0, 0xe,
    0xf8, 0x0, 0x3, 0xff, 0x20, 0x5, 0xff, 0x20,
    0xc, 0xf9, 0x0, 0x0, 0xcf, 0xb0, 0x6f, 0xf1,
    0x0, 0x0, 0x3f, 0xf5,

    /* U+0059 "Y" */
    0xc, 0xfa, 0x0, 0x0, 0x8, 0xfd, 0x0, 0x4f,
    0xf1, 0x0, 0x0, 0xff, 0x50, 0x0, 0xcf, 0x90,
    0x0, 0x7f, 0xd0, 0x0, 0x4, 0xff, 0x10, 0xe,
    0xf5, 0x0, 0x0, 0xc, 0xf7, 0x5, 0xfd, 0x0,
    0x0, 0x0, 0x4f, 0xe0, 0xdf, 0x50, 0x0, 0x0,
    0x0, 0xcf, 0xaf, 0xc0, 0x0, 0x0, 0x0, 0x4,
    0xff, 0xf4, 0x0, 0x0, 0x0, 0x0, 0xc, 0xfd,
    0x0, 0x0, 0x0, 0x0, 0x0, 0xaf, 0xa0, 0x0,
    0x0, 0x0, 0x0, 0xa, 0xfa, 0x0, 0x0, 0x0,
    0x0, 0x0, 0xaf, 0xa0, 0x0, 0x0, 0x0, 0x0,
    0xa, 0xfa, 0x0, 0x0, 0x0, 0x0, 0x0, 0xaf,
    0xa0, 0x0, 0x0,

    /* U+005A "Z" */
    0x5, 0xff, 0xff, 0xff, 0xff, 0xf2, 0x5, 0xee,
    0xee, 0xee, 0xff, 0xf1, 0x0, 0x0, 0x0, 0x2,
    0xff, 0x60, 0x0, 0x0, 0x0, 0xc, 0xfb, 0x0,
    0x0, 0x0, 0x0, 0x7f, 0xe1, 0x0, 0x0, 0x0,
    0x3, 0xff, 0x50, 0x0, 0x0, 0x0, 0xd, 0xfa,
    0x0, 0x0, 0x0, 0x0, 0x8f, 0xe1, 0x0, 0x0,
    0x0, 0x3, 0xff, 0x40, 0x0, 0x0, 0x0, 0xd,
    0xf9, 0x0, 0x0, 0x0, 0x0, 0x9f, 0xd0, 0x0,
    0x0, 0x0, 0x4, 0xff, 0x30, 0x0, 0x0, 0x0,
    0xe, 0xff, 0xee, 0xee, 0xee, 0xe3, 0xf, 0xff,
    0xff, 0xff, 0xff, 0xf4,

    /* U+005B "[" */
    0xef, 0xff, 0x4e, 0xd3, 0x31, 0xec, 0x0, 0xe,
    0xc0, 0x0, 0xec, 0x0, 0xe, 0xc0, 0x0, 0xec,
    0x0, 0xe, 0xc0, 0x0, 0xec, 0x0, 0xe, 0xc0,
    0x0, 0xec, 0x0, 0xe, 0xc0, 0x0, 0xec, 0x0,
    0xe, 0xc0, 0x0, 0xec, 0x0, 0xe, 0xc0, 0x0,
    0xec, 0x0, 0xe, 0xc0, 0x0, 0xef, 0xff, 0x42,
    0x33, 0x31,

    /* U+005C "\\" */
    0x6f, 0x20, 0x0, 0x0, 0x2f, 0x60, 0x0, 0x0,
    0xd, 0xb0, 0x0, 0x0, 0x8, 0xf0, 0x0, 0x0,
    0x4, 0xf4, 0x0, 0x0, 0x0, 0xf9, 0x0, 0x0,
    0x0, 0xae, 0x0, 0x0, 0x0, 0x6f, 0x20, 0x0,
    0x0, 0x1f, 0x70, 0x0, 0x0, 0xd, 0xc0, 0x0,
    0x0, 0x8, 0xf1, 0x0, 0x0, 0x3, 0xf5, 0x0,
    0x0, 0x0, 0xea, 0x0, 0x0, 0x0, 0xae, 0x0,
    0x0, 0x0, 0x5f, 0x30, 0x0, 0x0, 0x1f, 0x80,
    0x0, 0x0, 0xc, 0xd0, 0x0, 0x0, 0x7, 0xf1,
    0x0, 0x0, 0x3, 0xf6,

    /* U+005D "]" */
    0x3f, 0xff, 0xf0, 0x3, 0x3c, 0xf0, 0x0, 0xb,
    0xf0, 0x0, 0xb, 0xf0, 0x0, 0xb, 0xf0, 0x0,
    0xb, 0xf0, 0x0, 0xb, 0xf0, 0x0, 0xb, 0xf0,
    0x0, 0xb, 0xf0, 0x0, 0xb, 0xf0, 0x0, 0xb,
    0xf0, 0x0, 0xb, 0xf0, 0x0, 0xb, 0xf0, 0x0,
    0xb, 0xf0, 0x0, 0xb, 0xf0, 0x0, 0xb, 0xf0,
    0x0, 0xb, 0xf0, 0x0, 0xb, 0xf0, 0x3f, 0xff,
    0xf0, 0x3, 0x33, 0x30,

    /* U+005E "^" */
    0x0, 0x3, 0x76, 0x0, 0x0, 0x0, 0xa, 0xff,
    0x10, 0x0, 0x0, 0x1f, 0xef, 0x70, 0x0, 0x0,
    0x7f, 0x5e, 0xe0, 0x0, 0x0, 0xee, 0x8, 0xf4,
    0x0, 0x4, 0xf9, 0x2, 0xfb, 0x0, 0xb, 0xf3,
    0x0, 0xcf, 0x10, 0x1f, 0xc0, 0x0, 0x6f, 0x80,
    0x8f, 0x60, 0x0, 0x1f, 0xe0,

    /* U+005F "_" */
    0x11, 0x11, 0x11, 0x11, 0x11, 0x1b, 0xff, 0xff,
    0xff, 0xff, 0xff, 0x34, 0x44, 0x44, 0x44, 0x44,
    0x40,

    /* U+0060 "`" */
    0x0, 0x20, 0x0, 0xc, 0xe1, 0x0, 0x1d, 0xfd,
    0x0, 0x0, 0xcf, 0xb0, 0x0, 0xb, 0xf3, 0x0,
    0x0, 0x30,

    /* U+0061 "a" */
    0x1, 0x8b, 0xee, 0xb3, 0x3, 0xff, 0xfe, 0xff,
    0xf2, 0xa, 0x50, 0x1, 0xcf, 0xa0, 0x0, 0x0,
    0x6, 0xfd, 0x0, 0x5, 0x8b, 0xef, 0xf0, 0x7e,
    0xfe, 0xaa, 0xff, 0x7f, 0xe4, 0x0, 0x4f, 0xfc,
    0xf6, 0x0, 0x4, 0xff, 0xcf, 0xa0, 0x3, 0xdf,
    0xf7, 0xff, 0xee, 0xfc, 0xff, 0x7, 0xdf, 0xb6,
    0xf, 0xf0,

    /* U+0062 "b" */
    0x4f, 0xf0, 0x0, 0x0, 0x0, 0x4, 0xff, 0x0,
    0x0, 0x0, 0x0, 0x4f, 0xf0, 0x0, 0x0, 0x0,
    0x4, 0xff, 0x0, 0x0, 0x0, 0x0, 0x4f, 0xf1,
    0x8d, 0xeb, 0x40, 0x4, 0xff, 0xef, 0xff, 0xff,
    0x60, 0x4f, 0xfc, 0x30, 0x1b, 0xfe, 0x4, 0xff,
    0x0, 0x0, 0x1f, 0xf5, 0x4f, 0xf0, 0x0, 0x0,
    0xdf, 0x74, 0xff, 0x0, 0x0, 0xd, 0xf8, 0x4f,
    0xf0, 0x0, 0x0, 0xef, 0x64, 0xff, 0x0, 0x0,
    0x4f, 0xf3, 0x4f, 0xf8, 0x10, 0x3d, 0xfc, 0x4,
    0xfe, 0xff, 0xff, 0xfe, 0x20, 0x4f, 0xa2, 0xae,
    0xd9, 0x10, 0x0,

    /* U+0063 "c" */
    0x0, 0x2, 0xad, 0xfc, 0x70, 0x0, 0x6f, 0xff,
    0xef, 0xf5, 0x2, 0xff, 0xa1, 0x1, 0x60, 0xa,
    0xfd, 0x0, 0x0, 0x0, 0xd, 0xf7, 0x0, 0x0,
    0x0, 0xf, 0xf6, 0x0, 0x0, 0x0, 0xd, 0xf7,
    0x0, 0x0, 0x0, 0xb, 0xfd, 0x0, 0x0, 0x0,
    0x3, 0xff, 0xa1, 0x1, 0x81, 0x0, 0x7f, 0xff,
    0xef, 0xf8, 0x0, 0x3, 0xbd, 0xfc, 0x60,

    /* U+0064 "d" */
    0x0, 0x0, 0x0, 0x6, 0xfd, 0x0, 0x0, 0x0,
    0x6, 0xfd, 0x0, 0x0, 0x0, 0x6, 0xfd, 0x0,
    0x0, 0x0, 0x6, 0xfd, 0x0, 0x4b, 0xed, 0x86,
    0xfd, 0x7, 0xff, 0xff, 0xff, 0xfd, 0x3f, 0xf9,
    0x0, 0x3c, 0xfd, 0xaf, 0xd0, 0x0, 0x6, 0xfd,
    0xdf, 0x80, 0x0, 0x6, 0xfd, 0xff, 0x60, 0x0,
    0x6, 0xfd, 0xdf, 0x70, 0x0, 0x6, 0xfd, 0xbf,
    0xc0, 0x0, 0x6, 0xfd, 0x5f, 0xf7, 0x0, 0x5f,
    0xfd, 0xb, 0xff, 0xff, 0xfd, 0xfd, 0x0, 0x7c,
    0xfc, 0x61, 0xfd,

    /* U+0065 "e" */
    0x0, 0x3, 0xbe, 0xeb, 0x30, 0x0, 0x6, 0xff,
    0xdd, 0xff, 0x50, 0x2, 0xff, 0x40, 0x4, 0xfe,
    0x0, 0xaf, 0x80, 0x0, 0xa, 0xf4, 0xd, 0xfa,
    0x88, 0x88, 0xcf, 0x60, 0xff, 0xff, 0xff, 0xff,
    0xf6, 0xd, 0xf5, 0x0, 0x0, 0x0, 0x0, 0xaf,
    0xa0, 0x0, 0x0, 0x0, 0x3, 0xff, 0x80, 0x0,
    0x33, 0x0, 0x7, 0xff, 0xfc, 0xef, 0xc0, 0x0,
    0x3, 0xad, 0xfd, 0x92, 0x0,

    /* U+0066 "f" */
    0x0, 0x7, 0xdf, 0xd5, 0x0, 0x7f, 0xfe, 0xe3,
    0x0, 0xcf, 0xa0, 0x0, 0x0, 0xdf, 0x60, 0x0,
    0x5e, 0xff, 0xff, 0xa0, 0x4c, 0xff, 0xec, 0x80,
    0x0, 0xdf, 0x60, 0x0, 0x0, 0xdf, 0x60, 0x0,
    0x0, 0xdf, 0x60, 0x0, 0x0, 0xdf, 0x60, 0x0,
    0x0, 0xdf, 0x60, 0x0, 0x0, 0xdf, 0x60, 0x0,
    0x0, 0xdf, 0x60, 0x0, 0x0, 0xdf, 0x60, 0x0,
    0x0, 0xdf, 0x60, 0x0,

    /* U+0067 "g" */
    0x0, 0x19, 0xdf, 0xff, 0xff, 0xf1, 0x2, 0xef,
    0xea, 0xdf, 0xfb, 0xb0, 0x8, 0xfb, 0x0, 0x9,
    0xf7, 0x0, 0x8, 0xf9, 0x0, 0x6, 0xfa, 0x0,
    0x2, 0xff, 0x73, 0x6e, 0xf5, 0x0, 0x0, 0x6f,
    0xff, 0xff, 0x70, 0x0, 0x0, 0xec, 0x14, 0x30,
    0x0, 0x0, 0x5, 0xf7, 0x0, 0x0, 0x0, 0x0,
    0x5, 0xfc, 0x0, 0x0, 0x0, 0x0, 0x1, 0xff,
    0xec, 0xcc, 0xb7, 0x10, 0x0, 0xbf, 0xef, 0xff,
    0xff, 0xe0, 0xa, 0xf3, 0x0, 0x1, 0x4f, 0xf3,
    0xf, 0xf1, 0x0, 0x0, 0x4f, 0xf0, 0xa, 0xfe,
    0xa8, 0x8b, 0xff, 0x40, 0x0, 0x7c, 0xef, 0xec,
    0x71, 0x0,

    /* U+0068 "h" */
    0x4f, 0xf0, 0x0, 0x0, 0x0, 0x4f, 0xf0, 0x0,
    0x0, 0x0, 0x4f, 0xf0, 0x0, 0x0, 0x0, 0x4f,
    0xf0, 0x0, 0x0, 0x0, 0x4f, 0xf0, 0x6d, 0xfc,
    0x50, 0x4f, 0xfb, 0xff, 0xff, 0xf3, 0x4f, 0xfe,
    0x50, 0x2e, 0xfa, 0x4f, 0xf2, 0x0, 0x8, 0xfc,
    0x4f, 0xf0, 0x0, 0x6, 0xfd, 0x4f, 0xf0, 0x0,
    0x6, 0xfd, 0x4f, 0xf0, 0x0, 0x6, 0xfd, 0x4f,
    0xf0, 0x0, 0x6, 0xfd, 0x4f, 0xf0, 0x0, 0x6,
    0xfd, 0x4f, 0xf0, 0x0, 0x6, 0xfd, 0x4f, 0xf0,
    0x0, 0x6, 0xfd,

    /* U+0069 "i" */
    0x2d, 0xc0, 0x6f, 0xf3, 0x18, 0x70, 0x0, 0x0,
    0x4f, 0xf0, 0x4f, 0xf0, 0x4f, 0xf0, 0x4f, 0xf0,
    0x4f, 0xf0, 0x4f, 0xf0, 0x4f, 0xf0, 0x4f, 0xf0,
    0x4f, 0xf0, 0x4f, 0xf0, 0x4f, 0xf0,

    /* U+006A "j" */
    0x0, 0x2d, 0xc0, 0x0, 0x6f, 0xf3, 0x0, 0x18,
    0x70, 0x0, 0x0, 0x0, 0x0, 0x4f, 0xf0, 0x0,
    0x4f, 0xf0, 0x0, 0x4f, 0xf0, 0x0, 0x4f, 0xf0,
    0x0, 0x4f, 0xf0, 0x0, 0x4f, 0xf0, 0x0, 0x4f,
    0xf0, 0x0, 0x4f, 0xf0, 0x0, 0x4f, 0xf0, 0x0,
    0x4f, 0xf0, 0x0, 0x4f, 0xf0, 0x0, 0x4f, 0xf0,
    0x0, 0x8f, 0xe0, 0x9d, 0xff, 0x80, 0xbf, 0xd8,
    0x0,

    /* U+006B "k" */
    0x4f, 0xf0, 0x0, 0x0, 0x0, 0x4, 0xff, 0x0,
    0x0, 0x0, 0x0, 0x4f, 0xf0, 0x0, 0x0, 0x0,
    0x4, 0xff, 0x0, 0x0, 0x0, 0x0, 0x4f, 0xf0,
    0x0, 0x2e, 0xf7, 0x4, 0xff, 0x0, 0xd, 0xfa,
    0x0, 0x4f, 0xf0, 0xa, 0xfc, 0x0, 0x4, 0xff,
    0x7, 0xfe, 0x10, 0x0, 0x4f, 0xf4, 0xff, 0x50,
    0x0, 0x4, 0xff, 0xef, 0xfc, 0x0, 0x0, 0x4f,
    0xff, 0x7d, 0xf7, 0x0, 0x4, 0xff, 0x80, 0x4f,
    0xf2, 0x0, 0x4f, 0xf0, 0x0, 0xaf, 0xb0, 0x4,
    0xff, 0x0, 0x1, 0xff, 0x50, 0x4f, 0xf0, 0x0,
    0x7, 0xfe, 0x10,

    /* U+006C "l" */
    0x4f, 0xf0, 0x4, 0xff, 0x0, 0x4f, 0xf0, 0x4,
    0xff, 0x0, 0x4f, 0xf0, 0x4, 0xff, 0x0, 0x4f,
    0xf0, 0x4, 0xff, 0x0, 0x4f, 0xf0, 0x4, 0xff,
    0x0, 0x4f, 0xf0, 0x4, 0xff, 0x0, 0x3f, 0xf1,
    0x1, 0xff, 0xe0, 0x7, 0xee, 0x20,

    /* U+006D "m" */
    0x4f, 0xa0, 0x7e, 0xfc, 0x30, 0x1a, 0xfe, 0x90,
    0x4, 0xfd, 0xbf, 0xff, 0xfe, 0x4e, 0xff, 0xff,
    0x90, 0x4f, 0xfe, 0x40, 0x4f, 0xff, 0xa2, 0xa,
    0xff, 0x4, 0xff, 0x20, 0x0, 0xcf, 0xb0, 0x0,
    0x2f, 0xf2, 0x4f, 0xf0, 0x0, 0xa, 0xfa, 0x0,
    0x1, 0xff, 0x44, 0xff, 0x0, 0x0, 0xaf, 0xa0,
    0x0, 0xf, 0xf4, 0x4f, 0xf0, 0x0, 0xa, 0xfa,
    0x0, 0x0, 0xff, 0x44, 0xff, 0x0, 0x0, 0xaf,
    0xa0, 0x0, 0xf, 0xf4, 0x4f, 0xf0, 0x0, 0xa,
    0xfa, 0x0, 0x0, 0xff, 0x44, 0xff, 0x0, 0x0,
    0xaf, 0xa0, 0x0, 0xf, 0xf4, 0x4f, 0xf0, 0x0,
    0xa, 0xfa, 0x0, 0x0, 0xff, 0x40,

    /* U+006E "n" */
    0x4f, 0xa0, 0x7d, 0xfc, 0x50, 0x4f, 0xdb, 0xff,
    0xff, 0xf3, 0x4f, 0xfe, 0x50, 0x2e, 0xfa, 0x4f,
    0xf2, 0x0, 0x8, 0xfc, 0x4f, 0xf0, 0x0, 0x6,
    0xfd, 0x4f, 0xf0, 0x0, 0x6, 0xfd, 0x4f, 0xf0,
    0x0, 0x6, 0xfd, 0x4f, 0xf0, 0x0, 0x6, 0xfd,
    0x4f, 0xf0, 0x0, 0x6, 0xfd, 0x4f, 0xf0, 0x0,
    0x6, 0xfd, 0x4f, 0xf0, 0x0, 0x6, 0xfd,

    /* U+006F "o" */
    0x0, 0x3, 0xad, 0xeb, 0x50, 0x0, 0x0, 0x6f,
    0xff, 0xff, 0xfb, 0x0, 0x3, 0xff, 0x80, 0x4,
    0xff, 0x70, 0xa, 0xfc, 0x0, 0x0, 0x7f, 0xe0,
    0xd, 0xf7, 0x0, 0x0, 0x2f, 0xf2, 0xf, 0xf5,
    0x0, 0x0, 0x1f, 0xf4, 0xd, 0xf7, 0x0, 0x0,
    0x2f, 0xf2, 0xa, 0xfc, 0x0, 0x0, 0x7f, 0xe0,
    0x3, 0xff, 0x80, 0x4, 0xff, 0x70, 0x0, 0x7f,
    0xff, 0xef, 0xfb, 0x0, 0x0, 0x3, 0xae, 0xeb,
    0x50, 0x0,

    /* U+0070 "p" */
    0x4f, 0xb1, 0x8d, 0xeb, 0x50, 0x4, 0xfe, 0xef,
    0xff, 0xff, 0x60, 0x4f, 0xfc, 0x30, 0x1b, 0xfe,
    0x4, 0xff, 0x0, 0x0, 0x1f, 0xf5, 0x4f, 0xf0,
    0x0, 0x0, 0xdf, 0x74, 0xff, 0x0, 0x0, 0xd,
    0xf8, 0x4f, 0xf0, 0x0, 0x0, 0xef, 0x64, 0xff,
    0x0, 0x0, 0x4f, 0xf3, 0x4f, 0xf9, 0x10, 0x3d,
    0xfc, 0x4, 0xff, 0xff, 0xff, 0xfe, 0x20, 0x4f,
    0xf2, 0xae, 0xd9, 0x10, 0x4, 0xff, 0x0, 0x0,
    0x0, 0x0, 0x4f, 0xf0, 0x0, 0x0, 0x0, 0x4,
    0xff, 0x0, 0x0, 0x0, 0x0, 0x4f, 0xf0, 0x0,
    0x0, 0x0, 0x0,

    /* U+0071 "q" */
    0x0, 0x4b, 0xed, 0x91, 0xfd, 0x7, 0xff, 0xff,
    0xff, 0xfd, 0x3f, 0xf9, 0x0, 0x3c, 0xfd, 0xaf,
    0xd0, 0x0, 0x6, 0xfd, 0xdf, 0x80, 0x0, 0x6,
    0xfd, 0xff, 0x60, 0x0, 0x6, 0xfd, 0xdf, 0x70,
    0x0, 0x6, 0xfd, 0xbf, 0xc0, 0x0, 0x6, 0xfd,
    0x5f, 0xf7, 0x0, 0x5f, 0xfd, 0xb, 0xff, 0xff,
    0xfe, 0xfd, 0x0, 0x7c, 0xfc, 0x66, 0xfd, 0x0,
    0x0, 0x0, 0x6, 0xfd, 0x0, 0x0, 0x0, 0x6,
    0xfd, 0x0, 0x0, 0x0, 0x6, 0xfd, 0x0, 0x0,
    0x0, 0x6, 0xfd,

    /* U+0072 "r" */
    0x4f, 0xa0, 0x8e, 0xf1, 0x4f, 0xb8, 0xff, 0xe0,
    0x4f, 0xff, 0x61, 0x10, 0x4f, 0xf7, 0x0, 0x0,
    0x4f, 0xf1, 0x0, 0x0, 0x4f, 0xf0, 0x0, 0x0,
    0x4f, 0xf0, 0x0, 0x0, 0x4f, 0xf0, 0x0, 0x0,
    0x4f, 0xf0, 0x0, 0x0, 0x4f, 0xf0, 0x0, 0x0,
    0x4f, 0xf0, 0x0, 0x0,

    /* U+0073 "s" */
    0x0, 0x3b, 0xee, 0xb6, 0x0, 0x4f, 0xfe, 0xcf,
    0xf6, 0xa, 0xfa, 0x0, 0x16, 0x0, 0xbf, 0x90,
    0x0, 0x0, 0x4, 0xff, 0xd6, 0x0, 0x0, 0x3,
    0xbf, 0xfe, 0x70, 0x0, 0x0, 0x29, 0xff, 0x70,
    0x0, 0x0, 0x7, 0xfd, 0x9, 0x60, 0x0, 0x9f,
    0xc2, 0xff, 0xfc, 0xef, 0xf4, 0x1, 0x8c, 0xfe,
    0xb3, 0x0,

    /* U+0074 "t" */
    0x0, 0x8f, 0x60, 0x0, 0x0, 0xaf, 0x60, 0x0,
    0x0, 0xbf, 0x60, 0x0, 0x7f, 0xff, 0xff, 0xf4,
    0x6c, 0xff, 0xec, 0xc3, 0x0, 0xef, 0x60, 0x0,
    0x0, 0xef, 0x60, 0x0, 0x0, 0xef, 0x60, 0x0,
    0x0, 0xef, 0x60, 0x0, 0x0, 0xef, 0x60, 0x0,
    0x0, 0xdf, 0x70, 0x0, 0x0, 0xcf, 0xc0, 0x0,
    0x0, 0x6f, 0xff, 0xe5, 0x0, 0x7, 0xdf, 0xc5,

    /* U+0075 "u" */
    0x6f, 0xe0, 0x0, 0x9, 0xfb, 0x6f, 0xe0, 0x0,
    0x9, 0xfb, 0x6f, 0xe0, 0x0, 0x9, 0xfb, 0x6f,
    0xe0, 0x0, 0x9, 0xfb, 0x6f, 0xe0, 0x0, 0x9,
    0xfb, 0x6f, 0xe0, 0x0, 0x9, 0xfb, 0x6f, 0xe0,
    0x0, 0x9, 0xfb, 0x5f, 0xf0, 0x0, 0xc, 0xfb,
    0x3f, 0xf7, 0x2, 0xaf, 0xfb, 0xc, 0xff, 0xff,
    0xe8, 0xfb, 0x1, 0xae, 0xea, 0x13, 0xfb,

    /* U+0076 "v" */
    0x8f, 0xc0, 0x0, 0x0, 0xcf, 0x73, 0xff, 0x10,
    0x0, 0x1f, 0xf1, 0xd, 0xf6, 0x0, 0x6, 0xfc,
    0x0, 0x7f, 0xb0, 0x0, 0xbf, 0x60, 0x2, 0xff,
    0x10, 0x1f, 0xf1, 0x0, 0xc, 0xf5, 0x5, 0xfb,
    0x0, 0x0, 0x7f, 0xa0, 0xaf, 0x60, 0x0, 0x1,
    0xff, 0xf, 0xf1, 0x0, 0x0, 0xb, 0xf7, 0xfb,
    0x0, 0x0, 0x0, 0x6f, 0xff, 0x50, 0x0, 0x0,
    0x1, 0xff, 0xf0, 0x0, 0x0,

    /* U+0077 "w" */
    0x5f, 0xf0, 0x0, 0xd, 0xf8, 0x0, 0x4, 0xfe,
    0x1, 0xff, 0x30, 0x1, 0xff, 0xc0, 0x0, 0x8f,
    0xa0, 0xc, 0xf7, 0x0, 0x6f, 0xdf, 0x10, 0xb,
    0xf6, 0x0, 0x8f, 0xb0, 0xa, 0xf7, 0xf5, 0x0,
    0xff, 0x20, 0x3, 0xff, 0x0, 0xec, 0x3f, 0x90,
    0x3f, 0xe0, 0x0, 0xf, 0xf3, 0x2f, 0x80, 0xfd,
    0x7, 0xf9, 0x0, 0x0, 0xbf, 0x66, 0xf5, 0xb,
    0xf1, 0xaf, 0x50, 0x0, 0x7, 0xf9, 0xaf, 0x10,
    0x7f, 0x5d, 0xf1, 0x0, 0x0, 0x2f, 0xcd, 0xd0,
    0x3, 0xfa, 0xfd, 0x0, 0x0, 0x0, 0xef, 0xf8,
    0x0, 0xf, 0xff, 0x90, 0x0, 0x0, 0xa, 0xff,
    0x40, 0x0, 0xbf, 0xf5, 0x0, 0x0,

    /* U+0078 "x" */
    0x2f, 0xf5, 0x0, 0xb, 0xfa, 0x0, 0x7f, 0xe0,
    0x3, 0xff, 0x10, 0x0, 0xdf, 0x80, 0xbf, 0x70,
    0x0, 0x4, 0xff, 0x5f, 0xd0, 0x0, 0x0, 0x9,
    0xff, 0xf4, 0x0, 0x0, 0x0, 0x5f, 0xfc, 0x0,
    0x0, 0x0, 0xd, 0xff, 0xf4, 0x0, 0x0, 0x8,
    0xf9, 0x6f, 0xe0, 0x0, 0x2, 0xff, 0x10, 0xdf,
    0x90, 0x0, 0xcf, 0x80, 0x3, 0xff, 0x30, 0x6f,
    0xe1, 0x0, 0x9, 0xfd, 0x0,

    /* U+0079 "y" */
    0x8f, 0xc0, 0x0, 0x0, 0xcf, 0x71, 0xff, 0x20,
    0x0, 0x1f, 0xf1, 0xa, 0xf8, 0x0, 0x6, 0xfb,
    0x0, 0x4f, 0xe0, 0x0, 0xbf, 0x50, 0x0, 0xdf,
    0x40, 0x1f, 0xf0, 0x0, 0x6, 0xfa, 0x6, 0xfa,
    0x0, 0x0, 0xf, 0xf0, 0xaf, 0x40, 0x0, 0x0,
    0x9f, 0x5f, 0xe0, 0x0, 0x0, 0x2, 0xfe, 0xf8,
    0x0, 0x0, 0x0, 0xc, 0xff, 0x30, 0x0, 0x0,
    0x0, 0x7f, 0xd0, 0x0, 0x0, 0x0, 0xc, 0xf7,
    0x0, 0x0, 0x0, 0x7, 0xfe, 0x0, 0x0, 0x0,
    0xce, 0xff, 0x40, 0x0, 0x0, 0xe, 0xfc, 0x40,
    0x0, 0x0, 0x0,

    /* U+007A "z" */
    0xa, 0xff, 0xff, 0xff, 0xf0, 0x8, 0xcc, 0xcc,
    0xff, 0xd0, 0x0, 0x0, 0x4, 0xff, 0x30, 0x0,
    0x0, 0x1e, 0xf8, 0x0, 0x0, 0x0, 0xaf, 0xc0,
    0x0, 0x0, 0x5, 0xff, 0x20, 0x0, 0x0, 0x1e,
    0xf7, 0x0, 0x0, 0x0, 0xbf, 0xc0, 0x0, 0x0,
    0x6, 0xff, 0x20, 0x0, 0x0, 0x1f, 0xff, 0xcc,
    0xcc, 0xc3, 0x4f, 0xff, 0xff, 0xff, 0xf4,

    /* U+007B "{" */
    0x0, 0x8, 0xef, 0x40, 0x4, 0xfd, 0x41, 0x0,
    0x7f, 0x60, 0x0, 0x8, 0xf5, 0x0, 0x0, 0x7f,
    0x60, 0x0, 0x6, 0xf6, 0x0, 0x0, 0x6f, 0x60,
    0x0, 0x7, 0xf6, 0x0, 0x3, 0xdf, 0x30, 0x3,
    0xff, 0x50, 0x0, 0x17, 0xee, 0x20, 0x0, 0x8,
    0xf6, 0x0, 0x0, 0x5f, 0x70, 0x0, 0x6, 0xf6,
    0x0, 0x0, 0x7f, 0x60, 0x0, 0x8, 0xf5, 0x0,
    0x0, 0x8f, 0x60, 0x0, 0x5, 0xfb, 0x0, 0x0,
    0xc, 0xff, 0x40, 0x0, 0x1, 0x31,

    /* U+007C "|" */
    0xf9, 0xf9, 0xf9, 0xf9, 0xf9, 0xf9, 0xf9, 0xf9,
    0xf9, 0xf9, 0xf9, 0xf9, 0xf9, 0xf9, 0xf9, 0xf9,
    0xf9, 0xf9, 0xf9, 0xf9, 0xf9, 0xf9,

    /* U+007D "}" */
    0x3f, 0xea, 0x0, 0x0, 0x4c, 0xf6, 0x0, 0x0,
    0x4f, 0x90, 0x0, 0x3, 0xf9, 0x0, 0x0, 0x4f,
    0x90, 0x0, 0x4, 0xf8, 0x0, 0x0, 0x5f, 0x70,
    0x0, 0x4, 0xf8, 0x0, 0x0, 0x1f, 0xe4, 0x0,
    0x0, 0x3f, 0xf5, 0x0, 0x1e, 0xf7, 0x10, 0x4,
    0xf9, 0x0, 0x0, 0x5f, 0x70, 0x0, 0x4, 0xf8,
    0x0, 0x0, 0x4f, 0x80, 0x0, 0x4, 0xf9, 0x0,
    0x0, 0x4f, 0x90, 0x0, 0x9, 0xf7, 0x0, 0x3f,
    0xfd, 0x10, 0x0, 0x32, 0x0, 0x0,

    /* U+007E "~" */
    0x0, 0x49, 0x71, 0x0, 0x0, 0x0, 0x6f, 0xff,
    0xe3, 0x1, 0xe4, 0xf, 0xb1, 0x5e, 0xfc, 0xff,
    0x20, 0x21, 0x0, 0x1a, 0xec, 0x30,

    /* U+00B7 "·" */
    0x0, 0x66, 0x0, 0xd, 0xff, 0xd0, 0x4f, 0xff,
    0xf3, 0x2f, 0xff, 0xf2, 0x6, 0xee, 0x60,

    /* U+25CB "○" */
    0x0, 0x0, 0x1, 0x6a, 0xbb, 0xa6, 0x10, 0x0,
    0x0, 0x0, 0x0, 0x7c, 0x72, 0x0, 0x27, 0xc7,
    0x0, 0x0, 0x0, 0x1c, 0x70, 0x0, 0x0, 0x0,
    0x7, 0xb1, 0x0, 0x0, 0xc4, 0x0, 0x0, 0x0,
    0x0, 0x0, 0x4c, 0x0, 0x8, 0x60, 0x0, 0x0,
    0x0, 0x0, 0x0, 0x7, 0x80, 0x1c, 0x0, 0x0,
    0x0, 0x0, 0x0, 0x0, 0x0, 0xc1, 0x75, 0x0,
    0x0, 0x0, 0x0, 0x0, 0x0, 0x0, 0x67, 0xb1,
    0x0, 0x0, 0x0, 0x0, 0x0, 0x0, 0x0, 0x1b,
    0xc0, 0x0, 0x0, 0x0, 0x0, 0x0, 0x0, 0x0,
    0xc, 0xc0, 0x0, 0x0, 0x0, 0x0, 0x0, 0x0,
    0x0, 0xc, 0xc0, 0x0, 0x0, 0x0, 0x0, 0x0,
    0x0, 0x0, 0xc, 0xc0, 0x0, 0x0, 0x0, 0x0,
    0x0, 0x0, 0x0, 0xc, 0x84, 0x0, 0x0, 0x0,
    0x0, 0x0, 0x0, 0x0, 0x58, 0x2b, 0x0, 0x0,
    0x0, 0x0, 0x0, 0x0, 0x0, 0xb2, 0xa, 0x40,
    0x0, 0x0, 0x0, 0x0, 0x0, 0x4, 0xa0, 0x1,
    0xd2, 0x0, 0x0, 0x0, 0x0, 0x0, 0x2d, 0x10,
    0x0, 0x2d, 0x40, 0x0, 0x0, 0x0, 0x4, 0xd2,
    0x0, 0x0, 0x1, 0xba, 0x40, 0x0, 0x4, 0xab,
    0x10, 0x0, 0x0, 0x0, 0x3, 0x9c, 0xcc, 0xc9,
    0x30, 0x0, 0x0,

    /* U+25CF "●" */
    0x0, 0x0, 0x4, 0x9d, 0xff, 0xd9, 0x40, 0x0,
    0x0, 0x0, 0x2, 0xcf, 0xff, 0xff, 0xff, 0xfc,
    0x20, 0x0, 0x0, 0x3e, 0xff, 0xff, 0xff, 0xff,
    0xff, 0xe3, 0x0, 0x2, 0xef, 0xff, 0xff, 0xff,
    0xff, 0xff, 0xfe, 0x20, 0xc, 0xff, 0xff, 0xff,
    0xff, 0xff, 0xff, 0xff, 0xc0, 0x4f, 0xff, 0xff,
    0xff, 0xff, 0xff, 0xff, 0xff, 0xf4, 0x9f, 0xff,
    0xff, 0xff, 0xff, 0xff, 0xff, 0xff, 0xf9, 0xdf,
    0xff, 0xff, 0xff, 0xff, 0xff, 0xff, 0xff, 0xfd,
    0xff, 0xff, 0xff, 0xff, 0xff, 0xff, 0xff, 0xff,
    0xff, 0xff, 0xff, 0xff, 0xff, 0xff, 0xff, 0xff,
    0xff, 0xff, 0xdf, 0xff, 0xff, 0xff, 0xff, 0xff,
    0xff, 0xff, 0xfd, 0x9f, 0xff, 0xff, 0xff, 0xff,
    0xff, 0xff, 0xff, 0xf9, 0x4f, 0xff, 0xff, 0xff,
    0xff, 0xff, 0xff, 0xff, 0xf4, 0xc, 0xff, 0xff,
    0xff, 0xff, 0xff, 0xff, 0xff, 0xc0, 0x2, 0xef,
    0xff, 0xff, 0xff, 0xff, 0xff, 0xfe, 0x20, 0x0,
    0x3e, 0xff, 0xff, 0xff, 0xff, 0xff, 0xe3, 0x0,
    0x0, 0x2, 0xcf, 0xff, 0xff, 0xff, 0xfc, 0x20,
    0x0, 0x0, 0x0, 0x4, 0x9d, 0xff, 0xd9, 0x40,
    0x0, 0x0,

    /* U+4E0A "上" */
    0x0, 0x0, 0x0, 0x0, 0x47, 0x20, 0x0, 0x0,
    0x0, 0x0, 0x0, 0x0, 0x0, 0x0, 0xaf, 0x50,
    0x0, 0x0, 0x0, 0x0, 0x0, 0x0, 0x0, 0x0,
    0xaf, 0x50, 0x0, 0x0, 0x0, 0x0, 0x0, 0x0,
    0x0, 0x0, 0xaf, 0x50, 0x0, 0x0, 0x0, 0x0,
    0x0, 0x0, 0x0, 0x0, 0xaf, 0x50, 0x0, 0x0,
    0x0, 0x0, 0x0, 0x0, 0x0, 0x0, 0xaf, 0x50,
    0x0, 0x0, 0x0, 0x0, 0x0, 0x0, 0x0, 0x0,
    0xaf, 0xed, 0xdd, 0xdd, 0xd9, 0x0, 0x0, 0x0,
    0x0, 0x0, 0xaf, 0xff, 0xff, 0xff, 0xfa, 0x0,
    0x0, 0x0, 0x0, 0x0, 0xaf, 0x60, 0x0, 0x0,
    0x0, 0x0, 0x0, 0x0, 0x0, 0x0, 0xaf, 0x50,
    0x0, 0x0, 0x0, 0x0, 0x0, 0x0, 0x0, 0x0,
    0xaf, 0x50, 0x0, 0x0, 0x0, 0x0, 0x0, 0x0,
    0x0, 0x0, 0xaf, 0x50, 0x0, 0x0, 0x0, 0x0,
    0x0, 0x0, 0x0, 0x0, 0xaf, 0x50, 0x0, 0x0,
    0x0, 0x0, 0x0, 0x0, 0x0, 0x0, 0xaf, 0x50,
    0x0, 0x0, 0x0, 0x0, 0x0, 0x0, 0x0, 0x0,
    0xaf, 0x50, 0x0, 0x0, 0x0, 0x0, 0x0, 0x0,
    0x0, 0x0, 0xaf, 0x60, 0x0, 0x0, 0x0, 0x0,
    0xf, 0xff, 0xff, 0xff, 0xff, 0xff, 0xff, 0xff,
    0xff, 0xf0, 0xd, 0xdd, 0xdd, 0xdd, 0xdd, 0xdd,
    0xdd, 0xdd, 0xdd, 0xd0,

    /* U+4E0B "下" */
    0x23, 0x33, 0x33, 0x33, 0x33, 0x33, 0x33, 0x33,
    0x33, 0xef, 0xff, 0xff, 0xff, 0xff, 0xff, 0xff,
    0xff, 0xfe, 0xab, 0xbb, 0xbb, 0xbd, 0xfe, 0xbb,
    0xbb, 0xbb, 0xba, 0x0, 0x0, 0x0, 0x6, 0xf9,
    0x0, 0x0, 0x0, 0x0, 0x0, 0x0, 0x0, 0x6,
    0xf9, 0x0, 0x0, 0x0, 0x0, 0x0, 0x0, 0x0,
    0x6, 0xfa, 0x0, 0x0, 0x0, 0x0, 0x0, 0x0,
    0x0, 0x6, 0xff, 0xe6, 0x0, 0x0, 0x0, 0x0,
    0x0, 0x0, 0x6, 0xff, 0xff, 0xd5, 0x0, 0x0,
    0x0, 0x0, 0x0, 0x6, 0xf9, 0x4e, 0xff, 0xb2,
    0x0, 0x0, 0x0, 0x0, 0x6, 0xf9, 0x0, 0x8f,
    0xff, 0x60, 0x0, 0x0, 0x0, 0x6, 0xf9, 0x0,
    0x2, 0xdf, 0x80, 0x0, 0x0, 0x0, 0x6, 0xf9,
    0x0, 0x0, 0x7, 0x0, 0x0, 0x0, 0x0, 0x6,
    0xf9, 0x0, 0x0, 0x0, 0x0, 0x0, 0x0, 0x0,
    0x6, 0xf9, 0x0, 0x0, 0x0, 0x0, 0x0, 0x0,
    0x0, 0x6, 0xf9, 0x0, 0x0, 0x0, 0x0, 0x0,
    0x0, 0x0, 0x6, 0xf9, 0x0, 0x0, 0x0, 0x0,
    0x0, 0x0, 0x0, 0x6, 0xf9, 0x0, 0x0, 0x0,
    0x0, 0x0, 0x0, 0x0, 0x6, 0xf9, 0x0, 0x0,
    0x0, 0x0,

    /* U+4E3B "主" */
    0x0, 0x0, 0x0, 0x1a, 0x40, 0x0, 0x0, 0x0,
    0x0, 0x0, 0x0, 0x0, 0x6f, 0xf8, 0x0, 0x0,
    0x0, 0x0, 0x0, 0x0, 0x0, 0x4, 0xef, 0xa0,
    0x0, 0x0, 0x0, 0x0, 0x0, 0x0, 0x0, 0x2e,
    0xf3, 0x0, 0x0, 0x0, 0xf, 0xff, 0xff, 0xff,
    0xff, 0xff, 0xff, 0xff, 0xf0, 0xd, 0xdd, 0xdd,
    0xde, 0xff, 0xed, 0xdd, 0xdd, 0xd0, 0x0, 0x0,
    0x0, 0x0, 0xff, 0x0, 0x0, 0x0, 0x0, 0x0,
    0x0, 0x0, 0x0, 0xff, 0x0, 0x0, 0x0, 0x0,
    0x0, 0x0, 0x0, 0x0, 0xff, 0x0, 0x0, 0x0,
    0x0, 0x0, 0x0, 0x0, 0x1, 0xff, 0x10, 0x0,
    0x0, 0x0, 0x0, 0xff, 0xff, 0xff, 0xff, 0xff,
    0xff, 0xff, 0x10, 0x0, 0xcc, 0xcc, 0xcc, 0xff,
    0xcc, 0xcc, 0xcc, 0x10, 0x0, 0x0, 0x0, 0x0,
    0xff, 0x0, 0x0, 0x0, 0x0, 0x0, 0x0, 0x0,
    0x0, 0xff, 0x0, 0x0, 0x0, 0x0, 0x0, 0x0,
    0x0, 0x0, 0xff, 0x0, 0x0, 0x0, 0x0, 0x0,
    0x0, 0x0, 0x0, 0xff, 0x0, 0x0, 0x0, 0x0,
    0xcd, 0xdd, 0xdd, 0xdd, 0xff, 0xdd, 0xdd, 0xdd,
    0xdd, 0xef, 0xff, 0xff, 0xff, 0xff, 0xff, 0xff,
    0xff, 0xff,

    /* U+4E86 "了" */
    0x2, 0x22, 0x22, 0x22, 0x22, 0x22, 0x22, 0x22,
    0x0, 0x1f, 0xff, 0xff, 0xff, 0xff, 0xff, 0xff,
    0xff, 0x90, 0xb, 0xbb, 0xbb, 0xbb, 0xbb, 0xbb,
    0xbf, 0xff, 0x50, 0x0, 0x0, 0x0, 0x0, 0x0,
    0x0, 0xaf, 0xf5, 0x0, 0x0, 0x0, 0x0, 0x0,
    0x0, 0x2d, 0xfe, 0x30, 0x0, 0x0, 0x0, 0x0,
    0x0, 0x7, 0xff, 0xa1, 0x0, 0x0, 0x0, 0x0,
    0x0, 0x0, 0xcf, 0xe5, 0x0, 0x0, 0x0, 0x0,
    0x0, 0x0, 0x0, 0xef, 0x20, 0x0, 0x0, 0x0,
    0x0, 0x0, 0x0, 0x0, 0xef, 0x10, 0x0, 0x0,
    0x0, 0x0, 0x0, 0x0, 0x0, 0xef, 0x10, 0x0,
    0x0, 0x0, 0x0, 0x0, 0x0, 0x0, 0xef, 0x10,
    0x0, 0x0, 0x0, 0x0, 0x0, 0x0, 0x0, 0xef,
    0x10, 0x0, 0x0, 0x0, 0x0, 0x0, 0x0, 0x0,
    0xef, 0x10, 0x0, 0x0, 0x0, 0x0, 0x0, 0x0,
    0x0, 0xef, 0x10, 0x0, 0x0, 0x0, 0x0, 0x0,
    0x0, 0x0, 0xef, 0x10, 0x0, 0x0, 0x0, 0x0,
    0x0, 0x0, 0x0, 0xef, 0x10, 0x0, 0x0, 0x0,
    0x0, 0x0, 0xde, 0xde, 0xfe, 0x0, 0x0, 0x0,
    0x0, 0x0, 0x0, 0x8f, 0xfe, 0xb4, 0x0, 0x0,
    0x0, 0x0,

    /* U+4F60 "你" */
    0x0, 0x0, 0x19, 0x30, 0x9, 0x60, 0x0, 0x0,
    0x0, 0x0, 0x0, 0x0, 0x8f, 0x80, 0x3f, 0xc0,
    0x0, 0x0, 0x0, 0x0, 0x0, 0x1, 0xff, 0x10,
    0x8f, 0x70, 0x0, 0x0, 0x0, 0x0, 0x0, 0x8,
    0xf9, 0x0, 0xdf, 0x30, 0x0, 0x0, 0x0, 0x0,
    0x0, 0x1e, 0xf2, 0x3, 0xff, 0xff, 0xff, 0xff,
    0xff, 0xf2, 0x0, 0xaf, 0xd0, 0xb, 0xfc, 0xbb,
    0xff, 0xbb, 0xbf, 0xf0, 0x5, 0xff, 0xd0, 0x4f,
    0xd0, 0x0, 0xfe, 0x0, 0xe, 0xd0, 0x3f, 0xff,
    0xd0, 0xef, 0x50, 0x0, 0xfe, 0x0, 0x1f, 0xa0,
    0x8f, 0x9f, 0xd0, 0x5b, 0x0, 0x0, 0xfe, 0x0,
    0x17, 0x40, 0xa, 0xf, 0xd0, 0x0, 0x5d, 0x50,
    0xfe, 0xa, 0xf0, 0x0, 0x0, 0xf, 0xd0, 0x0,
    0xbf, 0x30, 0xfe, 0x8, 0xf6, 0x0, 0x0, 0xf,
    0xd0, 0x0, 0xfe, 0x0, 0xfe, 0x2, 0xfd, 0x0,
    0x0, 0xf, 0xd0, 0x5, 0xf9, 0x0, 0xfe, 0x0,
    0xbf, 0x30, 0x0, 0xf, 0xd0, 0xc, 0xf3, 0x0,
    0xfe, 0x0, 0x6f, 0x90, 0x0, 0xf, 0xd0, 0x5f,
    0xc0, 0x0, 0xfe, 0x0, 0x1f, 0xd0, 0x0, 0xf,
    0xd0, 0x6f, 0x30, 0x0, 0xfe, 0x0, 0xe, 0xc0,
    0x0, 0xf, 0xd0, 0x1, 0x0, 0x0, 0xfe, 0x0,
    0x1, 0x0, 0x0, 0xf, 0xd0, 0x0, 0x2, 0xee,
    0xfc, 0x0, 0x0, 0x0, 0x0, 0xe, 0xd0, 0x0,
    0x0, 0xef, 0xc3, 0x0, 0x0, 0x0, 0x0, 0x0,
    0x0, 0x0, 0x0, 0x0, 0x0, 0x0, 0x0, 0x0,

    /* U+4FC4 "俄" */
    0x0, 0x0, 0x77, 0x10, 0x0, 0x3, 0x7, 0x90,
    0x0, 0x0, 0x0, 0x0, 0xff, 0x10, 0x27, 0xdf,
    0x8d, 0xf1, 0xc8, 0x0, 0x0, 0x6, 0xfe, 0xae,
    0xff, 0xfb, 0x5c, 0xf0, 0xaf, 0x20, 0x0, 0xc,
    0xf7, 0xfc, 0xaf, 0xa0, 0xc, 0xf0, 0x2f, 0x90,
    0x0, 0x3f, 0xd0, 0x0, 0x2f, 0x90, 0xc, 0xf0,
    0xb, 0xd0, 0x0, 0xcf, 0xb0, 0x0, 0x2f, 0x90,
    0xb, 0xf1, 0x1, 0x0, 0x5, 0xff, 0xb6, 0xaa,
    0xbf, 0xea, 0xae, 0xfb, 0xaa, 0xa0, 0x2f, 0xff,
    0xb8, 0xff, 0xff, 0xff, 0xff, 0xff, 0xff, 0xf0,
    0x7f, 0xaf, 0xb0, 0x0, 0x2f, 0x90, 0x9, 0xf3,
    0x1, 0x0, 0x1c, 0x1f, 0xb0, 0x0, 0x2f, 0x90,
    0x7, 0xf4, 0x3f, 0x80, 0x0, 0x1f, 0xb0, 0x0,
    0x2f, 0xb7, 0xb6, 0xf6, 0xbf, 0x30, 0x0, 0x1f,
    0xb0, 0x47, 0xbf, 0xff, 0xf5, 0xfb, 0xfb, 0x0,
    0x0, 0x1f, 0xb8, 0xff, 0xff, 0xd5, 0x12, 0xff,
    0xf3, 0x0, 0x0, 0x1f, 0xb3, 0xb7, 0x5f, 0x90,
    0x0, 0xff, 0x80, 0x0, 0x0, 0x1f, 0xb0, 0x0,
    0x2f, 0x90, 0x5, 0xff, 0x10, 0xa1, 0x0, 0x1f,
    0xb0, 0x0, 0x2f, 0x90, 0x4f, 0xff, 0x40, 0xf6,
    0x0, 0x1f, 0xb0, 0x0, 0x2f, 0x97, 0xfe, 0x6f,
    0xb1, 0xf4, 0x0, 0x1f, 0xb0, 0x9c, 0xdf, 0x8a,
    0xd2, 0xc, 0xfe, 0xf1, 0x0, 0x1f, 0xb0, 0x7f,
    0xea, 0x10, 0x10, 0x2, 0xcf, 0x70, 0x0, 0x0,
    0x0, 0x0, 0x0, 0x0, 0x0, 0x0, 0x0, 0x0,

    /* U+5149 "光" */
    0x0, 0x0, 0x0, 0x0, 0xa, 0x90, 0x0, 0x0,
    0x0, 0x0, 0x0, 0x6, 0x50, 0x0, 0xf, 0xe0,
    0x0, 0x7, 0xa3, 0x0, 0x0, 0x1f, 0xf1, 0x0,
    0xf, 0xe0, 0x0, 0xe, 0xf4, 0x0, 0x0, 0x8,
    0xf9, 0x0, 0xf, 0xe0, 0x0, 0x5f, 0xc0, 0x0,
    0x0, 0x1, 0xff, 0x10, 0xf, 0xe0, 0x0, 0xdf,
    0x30, 0x0, 0x0, 0x0, 0xaf, 0x60, 0xf, 0xe0,
    0x6, 0xfa, 0x0, 0x0, 0x0, 0x0, 0x4a, 0x30,
    0xf, 0xe0, 0x3, 0xa1, 0x0, 0x0, 0x2, 0x22,
    0x22, 0x22, 0x2f, 0xe2, 0x22, 0x22, 0x22, 0x20,
    0xf, 0xff, 0xff, 0xff, 0xff, 0xff, 0xff, 0xff,
    0xff, 0xf0, 0x9, 0xaa, 0xaa, 0xef, 0xba, 0xac,
    0xfc, 0xaa, 0xaa, 0xa0, 0x0, 0x0, 0x0, 0xef,
    0x10, 0x6, 0xf7, 0x0, 0x0, 0x0, 0x0, 0x0,
    0x0, 0xff, 0x0, 0x6, 0xf7, 0x0, 0x0, 0x0,
    0x0, 0x0, 0x4, 0xfc, 0x0, 0x6, 0xf7, 0x0,
    0x0, 0x0, 0x0, 0x0, 0xa, 0xf7, 0x0, 0x6,
    0xf7, 0x0, 0x0, 0x0, 0x0, 0x0, 0x2f, 0xf1,
    0x0, 0x6, 0xf7, 0x0, 0x7, 0x91, 0x0, 0x1,
    0xdf, 0xa0, 0x0, 0x6, 0xf7, 0x0, 0x8, 0xf2,
    0x0, 0x6e, 0xfd, 0x0, 0x0, 0x6, 0xf8, 0x0,
    0xb, 0xf1, 0x2e, 0xff, 0xb1, 0x0, 0x0, 0x5,
    0xff, 0xcc, 0xcf, 0xd0, 0x9, 0xc4, 0x0, 0x0,
    0x0, 0x0, 0xaf, 0xff, 0xfd, 0x40, 0x0, 0x0,
    0x0, 0x0, 0x0, 0x0, 0x0, 0x0, 0x0, 0x0,

    /* U+5178 "典" */
    0x0, 0x0, 0x0, 0xc, 0xd0, 0x8, 0xe3, 0x0,
    0x0, 0x0, 0x0, 0x0, 0x0, 0xd, 0xe0, 0x9,
    0xf3, 0x0, 0x0, 0x0, 0x0, 0xb, 0xbb, 0xbf,
    0xfb, 0xbd, 0xfc, 0xbb, 0xb7, 0x0, 0x0, 0x1f,
    0xff, 0xff, 0xff, 0xff, 0xff, 0xff, 0xfa, 0x0,
    0x0, 0x1f, 0xc0, 0xd, 0xe0, 0x9, 0xf4, 0x4,
    0xfa, 0x0, 0x0, 0x1f, 0xc0, 0xd, 0xe0, 0x9,
    0xf3, 0x3, 0xfa, 0x0, 0x0, 0x1f, 0xc0, 0xd,
    0xe0, 0x9, 0xf3, 0x3, 0xfa, 0x0, 0x0, 0x1f,
    0xfc, 0xcf, 0xfc, 0xce, 0xfd, 0xcd, 0xfa, 0x0,
    0x0, 0x1f, 0xff, 0xff, 0xff, 0xff, 0xff, 0xff,
    0xfa, 0x0, 0x0, 0x1f, 0xc0, 0xd, 0xe0, 0x9,
    0xf3, 0x3, 0xfa, 0x0, 0x0, 0x1f, 0xc0, 0xd,
    0xe0, 0x9, 0xf3, 0x3, 0xfa, 0x0, 0x0, 0x1f,
    0xc0, 0xd, 0xe0, 0x9, 0xf3, 0x3, 0xfa, 0x0,
    0xc, 0xcf, 0xfc, 0xcf, 0xfc, 0xce, 0xfd, 0xcd,
    0xfe, 0xc6, 0x1f, 0xff, 0xff, 0xff, 0xff, 0xff,
    0xff, 0xff, 0xff, 0xf7, 0x0, 0x0, 0x0, 0x98,
    0x0, 0x0, 0x5b, 0x40, 0x0, 0x0, 0x0, 0x0,
    0x4d, 0xff, 0x40, 0x0, 0xaf, 0xfb, 0x30, 0x0,
    0x0, 0x5c, 0xff, 0xb1, 0x0, 0x0, 0x3, 0xcf,
    0xfa, 0x10, 0x9, 0xff, 0xb4, 0x0, 0x0, 0x0,
    0x0, 0x6, 0xef, 0xa0, 0x0, 0x83, 0x0, 0x0,
    0x0, 0x0, 0x0, 0x0, 0x16, 0x0,

    /* U+51FA "出" */
    0x0, 0x0, 0x0, 0x0, 0xaa, 0x0, 0x0, 0x0,
    0x0, 0x1, 0x10, 0x0, 0x1f, 0xf0, 0x0, 0x1,
    0x10, 0x1, 0xfd, 0x0, 0x1, 0xff, 0x0, 0x0,
    0xef, 0x20, 0x1f, 0xd0, 0x0, 0x1f, 0xf0, 0x0,
    0xe, 0xf2, 0x1, 0xfd, 0x0, 0x1, 0xff, 0x0,
    0x0, 0xef, 0x20, 0x1f, 0xd0, 0x0, 0x1f, 0xf0,
    0x0, 0xe, 0xf2, 0x1, 0xfd, 0x0, 0x1, 0xff,
    0x0, 0x0, 0xef, 0x20, 0x1f, 0xfd, 0xdd, 0xef,
    0xfd, 0xdd, 0xdf, 0xf2, 0x1, 0xff, 0xff, 0xff,
    0xff, 0xff, 0xff, 0xff, 0x20, 0x0, 0x0, 0x0,
    0x1f, 0xf0, 0x0, 0x0, 0x0, 0x8, 0x80, 0x0,
    0x1, 0xff, 0x0, 0x0, 0x18, 0x81, 0xff, 0x0,
    0x0, 0x1f, 0xf0, 0x0, 0x2, 0xff, 0x1f, 0xf0,
    0x0, 0x1, 0xff, 0x0, 0x0, 0x2f, 0xf1, 0xff,
    0x0, 0x0, 0x1f, 0xf0, 0x0, 0x2, 0xff, 0x1f,
    0xf0, 0x0, 0x1, 0xff, 0x0, 0x0, 0x2f, 0xf1,
    0xff, 0x21, 0x11, 0x3f, 0xf1, 0x11, 0x13, 0xff,
    0x1f, 0xff, 0xff, 0xff, 0xff, 0xff, 0xff, 0xff,
    0xf0, 0xcc, 0xcc, 0xcc, 0xcc, 0xcc, 0xcc, 0xcc,
    0xff, 0x0, 0x0, 0x0, 0x0, 0x0, 0x0, 0x0,
    0x2f, 0xf0,

    /* U+51FB "击" */
    0x0, 0x0, 0x0, 0x0, 0x9b, 0x10, 0x0, 0x0,
    0x0, 0x0, 0x0, 0x0, 0x0, 0xdf, 0x10, 0x0,
    0x0, 0x0, 0x0, 0x0, 0x0, 0x0, 0xdf, 0x10,
    0x0, 0x0, 0x0, 0x4, 0xee, 0xee, 0xee, 0xff,
    0xee, 0xee, 0xee, 0x80, 0x4, 0xff, 0xff, 0xff,
    0xff, 0xff, 0xff, 0xff, 0x80, 0x0, 0x0, 0x0,
    0x0, 0xdf, 0x10, 0x0, 0x0, 0x0, 0x0, 0x0,
    0x0, 0x0, 0xdf, 0x10, 0x0, 0x0, 0x0, 0x0,
    0x0, 0x0, 0x0, 0xef, 0x20, 0x0, 0x0, 0x0,
    0xcf, 0xff, 0xff, 0xff, 0xff, 0xff, 0xff, 0xff,
    0xfe, 0xad, 0xdd, 0xdd, 0xdd, 0xff, 0xdd, 0xdd,
    0xdd, 0xdc, 0x0, 0x0, 0x0, 0x0, 0xdf, 0x10,
    0x0, 0x0, 0x0, 0x1, 0xa9, 0x0, 0x0, 0xdf,
    0x10, 0x0, 0x7a, 0x20, 0x1, 0xfe, 0x0, 0x0,
    0xdf, 0x10, 0x0, 0xbf, 0x30, 0x1, 0xfe, 0x0,
    0x0, 0xdf, 0x10, 0x0, 0xbf, 0x30, 0x1, 0xfe,
    0x0, 0x0, 0xdf, 0x10, 0x0, 0xbf, 0x30, 0x1,
    0xfe, 0x0, 0x0, 0xef, 0x20, 0x0, 0xbf, 0x30,
    0x1, 0xff, 0xff, 0xff, 0xff, 0xff, 0xff, 0xff,
    0x30, 0x1, 0xcc, 0xcc, 0xcc, 0xcc, 0xcc, 0xcc,
    0xff, 0x30, 0x0, 0x0, 0x0, 0x0, 0x0, 0x0,
    0x0, 0xbf, 0x30,

    /* U+5206 "分" */
    0x0, 0x0, 0x0, 0x20, 0x0, 0x0, 0x2, 0x0,
    0x0, 0x0, 0x0, 0x0, 0x1, 0xff, 0x20, 0x0,
    0xdf, 0x10, 0x0, 0x0, 0x0, 0x0, 0x8, 0xfb,
    0x0, 0x0, 0x7f, 0xa0, 0x0, 0x0, 0x0, 0x0,
    0x1f, 0xf3, 0x0, 0x0, 0xd, 0xf4, 0x0, 0x0,
    0x0, 0x0, 0xbf, 0xb0, 0x0, 0x0, 0x5, 0xfe,
    0x10, 0x0, 0x0, 0x7, 0xfe, 0x10, 0x0, 0x0,
    0x0, 0x9f, 0xd0, 0x0, 0x0, 0x5f, 0xf4, 0x0,
    0x0, 0x0, 0x0, 0xd, 0xfb, 0x0, 0x6, 0xff,
    0xb3, 0x33, 0x33, 0x33, 0x33, 0x35, 0xff, 0xc1,
    0xc, 0xfc, 0xff, 0xff, 0xff, 0xff, 0xff, 0xff,
    0x8f, 0xa0, 0x0, 0x72, 0xaa, 0xae, 0xfc, 0xaa,
    0xaa, 0xef, 0x43, 0x0, 0x0, 0x0, 0x0, 0xc,
    0xf3, 0x0, 0x0, 0xbf, 0x30, 0x0, 0x0, 0x0,
    0x0, 0xf, 0xf0, 0x0, 0x0, 0xcf, 0x20, 0x0,
    0x0, 0x0, 0x0, 0x4f, 0xc0, 0x0, 0x0, 0xdf,
    0x10, 0x0, 0x0, 0x0, 0x0, 0xcf, 0x60, 0x0,
    0x0, 0xff, 0x0, 0x0, 0x0, 0x0, 0x5, 0xfe,
    0x0, 0x0, 0x0, 0xff, 0x0, 0x0, 0x0, 0x0,
    0x4f, 0xf6, 0x0, 0x0, 0x3, 0xfd, 0x0, 0x0,
    0x0, 0x7, 0xff, 0xa0, 0x0, 0x0, 0x7, 0xfa,
    0x0, 0x0, 0x5, 0xef, 0xf8, 0x0, 0x1, 0xed,
    0xef, 0xf5, 0x0, 0x0, 0x1, 0xfc, 0x30, 0x0,
    0x0, 0xcf, 0xfe, 0x80, 0x0, 0x0, 0x0, 0x10,
    0x0, 0x0, 0x0, 0x0, 0x0, 0x0, 0x0, 0x0,

    /* U+5236 "制" */
    0x0, 0x10, 0x2, 0x62, 0x0, 0x0, 0x0, 0x0,
    0x4, 0x30, 0x9, 0xf3, 0x6f, 0x50, 0x0, 0x0,
    0x11, 0x1, 0xfb, 0x0, 0xef, 0x17, 0xf7, 0x11,
    0x10, 0xc, 0xf0, 0x1f, 0xb0, 0x3f, 0xff, 0xff,
    0xff, 0xff, 0x30, 0xcf, 0x1, 0xfb, 0xb, 0xfa,
    0x9c, 0xfc, 0x99, 0x92, 0xc, 0xf0, 0x1f, 0xb2,
    0xfc, 0x0, 0x6f, 0x50, 0x0, 0x0, 0xcf, 0x1,
    0xfb, 0x1b, 0xb8, 0x8b, 0xfb, 0x88, 0x88, 0xc,
    0xf0, 0x1f, 0xb2, 0xff, 0xff, 0xff, 0xff, 0xff,
    0xf0, 0xcf, 0x1, 0xfb, 0x3, 0x33, 0x38, 0xf8,
    0x33, 0x33, 0xc, 0xf0, 0x1f, 0xb0, 0x0, 0x0,
    0x7f, 0x60, 0x0, 0x0, 0xcf, 0x1, 0xfb, 0x5,
    0xff, 0xff, 0xff, 0xff, 0xf6, 0xc, 0xf0, 0x1f,
    0xb0, 0x5f, 0xca, 0xcf, 0xca, 0xcf, 0x60, 0xcf,
    0x1, 0xfb, 0x5, 0xf5, 0x6, 0xf5, 0x4, 0xf6,
    0xc, 0xf0, 0x1f, 0xb0, 0x5f, 0x50, 0x6f, 0x50,
    0x4f, 0x60, 0x0, 0x1, 0xfb, 0x5, 0xf5, 0x6,
    0xf5, 0x4, 0xf6, 0x0, 0x0, 0x1f, 0xb0, 0x5f,
    0x50, 0x6f, 0x67, 0xaf, 0x60, 0x0, 0x1, 0xfb,
    0x5, 0xf5, 0x6, 0xf5, 0xcf, 0xe2, 0x0, 0x0,
    0x1f, 0xb0, 0x0, 0x0, 0x6f, 0x51, 0x10, 0x0,
    0xe, 0xee, 0xf9, 0x0, 0x0, 0x6, 0xf5, 0x0,
    0x0, 0x0, 0xbf, 0xfb, 0x20, 0x0, 0x0, 0x0,
    0x0, 0x0, 0x0, 0x0, 0x0, 0x0,

    /* U+52A8 "动" */
    0x0, 0x0, 0x0, 0x0, 0x0, 0x1, 0x85, 0x0,
    0x0, 0x0, 0x0, 0x0, 0x0, 0x0, 0x3, 0xfa,
    0x0, 0x0, 0x4f, 0xff, 0xff, 0xff, 0x70, 0x3,
    0xfa, 0x0, 0x0, 0x29, 0x99, 0x99, 0x99, 0x40,
    0x3, 0xf9, 0x0, 0x0, 0x0, 0x0, 0x0, 0x0,
    0x4, 0x47, 0xfb, 0x44, 0x44, 0x0, 0x0, 0x0,
    0x0, 0xd, 0xff, 0xff, 0xff, 0xff, 0xaa, 0xaa,
    0xaa, 0xaa, 0x94, 0x58, 0xfa, 0x55, 0xfe, 0xff,
    0xff, 0xff, 0xff, 0xd0, 0x6, 0xf6, 0x0, 0xfe,
    0x0, 0x7f, 0x80, 0x0, 0x0, 0x8, 0xf5, 0x0,
    0xfd, 0x0, 0xbf, 0x30, 0x11, 0x0, 0x9, 0xf4,
    0x0, 0xfd, 0x0, 0xef, 0x0, 0xfa, 0x0, 0xc,
    0xf2, 0x1, 0xfc, 0x3, 0xfa, 0x0, 0xaf, 0x10,
    0xf, 0xe0, 0x1, 0xfb, 0x8, 0xf4, 0x0, 0x5f,
    0x60, 0x2f, 0xb0, 0x2, 0xfa, 0xd, 0xe0, 0x37,
    0xbf, 0xc0, 0x7f, 0x80, 0x3, 0xf9, 0x5f, 0xff,
    0xff, 0xff, 0xf1, 0xdf, 0x20, 0x5, 0xf8, 0xaf,
    0xfd, 0x95, 0x27, 0xe7, 0xfc, 0x0, 0x7, 0xf7,
    0x37, 0x20, 0x0, 0x0, 0x1e, 0xf5, 0x0, 0xb,
    0xf4, 0x0, 0x0, 0x0, 0x0, 0xaf, 0xb0, 0xbc,
    0xdf, 0xf0, 0x0, 0x0, 0x0, 0x0, 0x3d, 0x10,
    0x9f, 0xfe, 0x50, 0x0, 0x0, 0x0, 0x0, 0x0,
    0x0, 0x0, 0x0, 0x0,

    /* U+5373 "即" */
    0xb, 0xbb, 0xbb, 0xbb, 0xb0, 0x29, 0x99, 0x99,
    0x91, 0xf, 0xff, 0xff, 0xff, 0xf0, 0x3f, 0xff,
    0xff, 0xf3, 0xf, 0xe0, 0x0, 0xd, 0xf0, 0x3f,
    0xb1, 0x1b, 0xf3, 0xf, 0xe0, 0x0, 0xd, 0xf0,
    0x3f, 0xa0, 0xa, 0xf3, 0xf, 0xff, 0xff, 0xff,
    0xf0, 0x3f, 0xa0, 0xa, 0xf3, 0xf, 0xfb, 0xbb,
    0xbf, 0xf0, 0x3f, 0xa0, 0xa, 0xf3, 0xf, 0xe0,
    0x0, 0xd, 0xf0, 0x3f, 0xa0, 0xa, 0xf3, 0xf,
    0xe0, 0x0, 0xd, 0xf0, 0x3f, 0xa0, 0xa, 0xf3,
    0xf, 0xff, 0xff, 0xff, 0xf0, 0x3f, 0xa0, 0xa,
    0xf3, 0xf, 0xfb, 0xbb, 0xbb, 0xb0, 0x3f, 0xa0,
    0xa, 0xf3, 0xf, 0xe0, 0x0, 0x40, 0x0, 0x3f,
    0xa0, 0xa, 0xf3, 0xf, 0xe0, 0x9, 0xf5, 0x0,
    0x3f, 0xa0, 0xa, 0xf3, 0xf, 0xe0, 0x3, 0xfe,
    0x0, 0x3f, 0xa7, 0xdf, 0xf1, 0xf, 0xe0, 0x27,
    0xff, 0x70, 0x3f, 0xa5, 0xed, 0x70, 0x2f, 0xfd,
    0xff, 0xff, 0xe0, 0x3f, 0xa0, 0x0, 0x0, 0xbf,
    0xff, 0xd7, 0x1b, 0xf6, 0x3f, 0xa0, 0x0, 0x0,
    0x6f, 0x93, 0x0, 0x5, 0x91, 0x3f, 0xa0, 0x0,
    0x0, 0x11, 0x0, 0x0, 0x0, 0x0, 0x3f, 0xa0,
    0x0, 0x0,

    /* U+53D1 "发" */
    0x0, 0x0, 0x0, 0x0, 0x1, 0x0, 0x0, 0x0,
    0x0, 0x0, 0x0, 0x0, 0x66, 0x10, 0x2f, 0xe0,
    0x1, 0xa4, 0x0, 0x0, 0x0, 0x1, 0xff, 0x10,
    0x5f, 0xd0, 0x2, 0xff, 0x30, 0x0, 0x0, 0x6,
    0xf9, 0x0, 0x8f, 0xa0, 0x0, 0x4f, 0xe2, 0x0,
    0x0, 0xc, 0xf3, 0x0, 0xbf, 0x70, 0x0, 0x7,
    0x70, 0x0, 0x0, 0x7f, 0xfa, 0xaa, 0xff, 0xca,
    0xaa, 0xaa, 0xaa, 0x70, 0x0, 0x8f, 0xff, 0xff,
    0xff, 0xff, 0xff, 0xff, 0xff, 0xb0, 0x0, 0x24,
    0x21, 0x19, 0xfb, 0x11, 0x11, 0x11, 0x11, 0x10,
    0x0, 0x0, 0x0, 0xe, 0xf6, 0x0, 0x0, 0x0,
    0x0, 0x0, 0x0, 0x0, 0x0, 0x4f, 0xfd, 0xcc,
    0xcc, 0xcc, 0x90, 0x0, 0x0, 0x0, 0x0, 0xcf,
    0xff, 0xff, 0xff, 0xff, 0xd0, 0x0, 0x0, 0x0,
    0x6, 0xff, 0xf3, 0x0, 0x0, 0xbf, 0x60, 0x0,
    0x0, 0x0, 0x1e, 0xfb, 0xfc, 0x0, 0x5, 0xfe,
    0x0, 0x0, 0x0, 0x0, 0xcf, 0xc0, 0x7f, 0xa0,
    0x2e, 0xf5, 0x0, 0x0, 0x0, 0xb, 0xfe, 0x10,
    0xa, 0xfa, 0xef, 0x70, 0x0, 0x0, 0x2, 0xdf,
    0xf3, 0x0, 0x0, 0xef, 0xfa, 0x0, 0x0, 0x0,
    0x3f, 0xfd, 0x20, 0x0, 0x4d, 0xff, 0xff, 0xa3,
    0x0, 0x0, 0x9, 0x90, 0x3, 0x8d, 0xff, 0xb3,
    0x5e, 0xff, 0xc8, 0x40, 0x0, 0x0, 0xe, 0xff,
    0xb4, 0x0, 0x0, 0x7d, 0xff, 0xe1, 0x0, 0x0,
    0x4, 0x61, 0x0, 0x0, 0x0, 0x0, 0x27, 0x40,

    /* U+53E3 "口" */
    0xcd, 0xdd, 0xdd, 0xdd, 0xdd, 0xdd, 0xdd, 0xd3,
    0xdf, 0xff, 0xff, 0xff, 0xff, 0xff, 0xff, 0xf4,
    0xdf, 0x20, 0x0, 0x0, 0x0, 0x0, 0xc, 0xf4,
    0xdf, 0x10, 0x0, 0x0, 0x0, 0x0, 0xc, 0xf4,
    0xdf, 0x10, 0x0, 0x0, 0x0, 0x0, 0xc, 0xf4,
    0xdf, 0x10, 0x0, 0x0, 0x0, 0x0, 0xc, 0xf4,
    0xdf, 0x10, 0x0, 0x0, 0x0, 0x0, 0xc, 0xf4,
    0xdf, 0x10, 0x0, 0x0, 0x0, 0x0, 0xc, 0xf4,
    0xdf, 0x10, 0x0, 0x0, 0x0, 0x0, 0xc, 0xf4,
    0xdf, 0x10, 0x0, 0x0, 0x0, 0x0, 0xc, 0xf4,
    0xdf, 0x10, 0x0, 0x0, 0x0, 0x0, 0xc, 0xf4,
    0xdf, 0x10, 0x0, 0x0, 0x0, 0x0, 0xc, 0xf4,
    0xdf, 0x32, 0x22, 0x22, 0x22, 0x22, 0x2d, 0xf4,
    0xdf, 0xff, 0xff, 0xff, 0xff, 0xff, 0xff, 0xf4,
    0xdf, 0xcc, 0xcc, 0xcc, 0xcc, 0xcc, 0xcf, 0xf4,
    0xdf, 0x10, 0x0, 0x0, 0x0, 0x0, 0xc, 0xf4,
    0xdf, 0x10, 0x0, 0x0, 0x0, 0x0, 0xb, 0xe3,

    /* U+53EF "可" */
    0xab, 0xbb, 0xbb, 0xbb, 0xbb, 0xbb, 0xbb, 0xbb,
    0xbb, 0xf, 0xff, 0xff, 0xff, 0xff, 0xff, 0xff,
    0xff, 0xff, 0xf0, 0x22, 0x22, 0x22, 0x22, 0x22,
    0x22, 0x27, 0xfa, 0x22, 0x0, 0x0, 0x0, 0x0,
    0x0, 0x0, 0x0, 0x5f, 0x90, 0x0, 0x0, 0x0,
    0x0, 0x0, 0x0, 0x0, 0x5, 0xf9, 0x0, 0x0,
    0xe, 0xff, 0xff, 0xff, 0xf5, 0x0, 0x5f, 0x90,
    0x0, 0x0, 0xff, 0xdd, 0xdd, 0xef, 0x50, 0x5,
    0xf9, 0x0, 0x0, 0xf, 0xd0, 0x0, 0x8, 0xf5,
    0x0, 0x5f, 0x90, 0x0, 0x0, 0xfd, 0x0, 0x0,
    0x8f, 0x50, 0x5, 0xf9, 0x0, 0x0, 0xf, 0xd0,
    0x0, 0x8, 0xf5, 0x0, 0x5f, 0x90, 0x0, 0x0,
    0xfd, 0x0, 0x0, 0x8f, 0x50, 0x5, 0xf9, 0x0,
    0x0, 0xf, 0xff, 0xff, 0xff, 0xf5, 0x0, 0x5f,
    0x90, 0x0, 0x0, 0xff, 0xbb, 0xbb, 0xbb, 0x40,
    0x5, 0xf9, 0x0, 0x0, 0xf, 0xd0, 0x0, 0x0,
    0x0, 0x0, 0x5f, 0x90, 0x0, 0x0, 0x33, 0x0,
    0x0, 0x0, 0x0, 0x5, 0xf9, 0x0, 0x0, 0x0,
    0x0, 0x0, 0x0, 0x0, 0x0, 0x6f, 0x90, 0x0,
    0x0, 0x0, 0x0, 0x0, 0x7, 0xff, 0xff, 0xf6,
    0x0, 0x0, 0x0, 0x0, 0x0, 0x0, 0x1f, 0xff,
    0xd8, 0x0, 0x0, 0x0, 0x0, 0x0, 0x0, 0x0,
    0x0, 0x0, 0x0, 0x0, 0x0,

    /* U+53F3 "右" */
    0x0, 0x0, 0x0, 0x0, 0x96, 0x0, 0x0, 0x0,
    0x0, 0x0, 0x0, 0x0, 0x0, 0x3f, 0xd0, 0x0,
    0x0, 0x0, 0x0, 0x0, 0x0, 0x0, 0x7, 0xf8,
    0x0, 0x0, 0x0, 0x0, 0x0, 0x0, 0x0, 0x0,
    0xcf, 0x50, 0x0, 0x0, 0x0, 0x0, 0xa, 0xff,
    0xff, 0xff, 0xff, 0xff, 0xff, 0xff, 0xff, 0xe0,
    0x8c, 0xcc, 0xce, 0xfe, 0xcc, 0xcc, 0xcc, 0xcc,
    0xcb, 0x0, 0x0, 0x0, 0xdf, 0x20, 0x0, 0x0,
    0x0, 0x0, 0x0, 0x0, 0x0, 0x5f, 0xa0, 0x0,
    0x0, 0x0, 0x0, 0x0, 0x0, 0x0, 0xd, 0xf2,
    0x0, 0x0, 0x0, 0x0, 0x0, 0x0, 0x0, 0x8,
    0xff, 0xdd, 0xdd, 0xdd, 0xdd, 0xdd, 0x60, 0x0,
    0x4, 0xff, 0xff, 0xff, 0xff, 0xff, 0xff, 0xf8,
    0x0, 0x3, 0xff, 0xdf, 0x40, 0x0, 0x0, 0x0,
    0x7f, 0x80, 0x5, 0xff, 0x7a, 0xf4, 0x0, 0x0,
    0x0, 0x7, 0xf8, 0x1, 0xff, 0x80, 0xaf, 0x40,
    0x0, 0x0, 0x0, 0x7f, 0x80, 0x7, 0x60, 0xa,
    0xf4, 0x0, 0x0, 0x0, 0x7, 0xf8, 0x0, 0x0,
    0x0, 0xaf, 0x40, 0x0, 0x0, 0x0, 0x8f, 0x80,
    0x0, 0x0, 0xa, 0xff, 0xff, 0xff, 0xff, 0xff,
    0xf8, 0x0, 0x0, 0x0, 0xaf, 0xdc, 0xcc, 0xcc,
    0xcc, 0xef, 0x80, 0x0, 0x0, 0xa, 0xf4, 0x0,
    0x0, 0x0, 0x6, 0xe7, 0x0,

    /* U+5403 "吃" */
    0x0, 0x0, 0x0, 0x0, 0x9, 0xa2, 0x0, 0x0,
    0x0, 0x1, 0x11, 0x11, 0x10, 0x1, 0xff, 0x0,
    0x0, 0x0, 0x0, 0xaf, 0xff, 0xfe, 0x0, 0x8f,
    0x90, 0x0, 0x0, 0x0, 0xa, 0xfb, 0xae, 0xe0,
    0xe, 0xff, 0xff, 0xff, 0xff, 0xd0, 0xaf, 0x10,
    0xce, 0x7, 0xfe, 0xcc, 0xcc, 0xcc, 0xcb, 0xa,
    0xf1, 0xc, 0xe3, 0xff, 0x20, 0x0, 0x0, 0x0,
    0x0, 0xaf, 0x10, 0xcf, 0xdf, 0x80, 0x0, 0x0,
    0x0, 0x0, 0xa, 0xf1, 0xc, 0xe1, 0x98, 0xbb,
    0xbb, 0xbb, 0xb6, 0x0, 0xaf, 0x10, 0xce, 0x0,
    0xbf, 0xff, 0xff, 0xff, 0x80, 0xa, 0xf1, 0xc,
    0xe0, 0x0, 0x0, 0x9, 0xff, 0x60, 0x0, 0xaf,
    0x10, 0xce, 0x0, 0x0, 0x9, 0xff, 0x40, 0x0,
    0xa, 0xf1, 0xc, 0xe0, 0x0, 0xa, 0xfe, 0x30,
    0x0, 0x0, 0xaf, 0xff, 0xfe, 0x0, 0xa, 0xfe,
    0x20, 0x0, 0x0, 0xa, 0xfd, 0xcc, 0xb0, 0x8,
    0xfe, 0x20, 0x0, 0x1, 0x0, 0xaf, 0x10, 0x0,
    0x4, 0xfe, 0x20, 0x0, 0x0, 0x6f, 0x43, 0x40,
    0x0, 0x0, 0xcf, 0x40, 0x0, 0x0, 0x7, 0xf3,
    0x0, 0x0, 0x0, 0xf, 0xf1, 0x0, 0x0, 0x0,
    0xbf, 0x10, 0x0, 0x0, 0x0, 0xcf, 0xfd, 0xdd,
    0xdd, 0xef, 0xc0, 0x0, 0x0, 0x0, 0x1, 0xae,
    0xff, 0xff, 0xff, 0xd3, 0x0,

    /* U+5408 "合" */
    0x0, 0x0, 0x0, 0x0, 0x0, 0x0, 0x0, 0x0,
    0x0, 0x0, 0x0, 0x0, 0x0, 0x0, 0x2, 0xea,
    0x0, 0x0, 0x0, 0x0, 0x0, 0x0, 0x0, 0x0,
    0xd, 0xfc, 0x0, 0x0, 0x0, 0x0, 0x0, 0x0,
    0x0, 0x1, 0xcf, 0xff, 0x90, 0x0, 0x0, 0x0,
    0x0, 0x0, 0x0, 0x3e, 0xfa, 0x2d, 0xfb, 0x10,
    0x0, 0x0, 0x0, 0x0, 0x7, 0xff, 0x80, 0x1,
    0xcf, 0xe5, 0x0, 0x0, 0x0, 0x4, 0xdf, 0xf5,
    0x0, 0x0, 0x8, 0xff, 0xd5, 0x0, 0x5, 0xcf,
    0xff, 0xc9, 0x99, 0x99, 0x99, 0xdf, 0xff, 0xd5,
    0xc, 0xff, 0x7e, 0xff, 0xff, 0xff, 0xff, 0xf6,
    0x6e, 0xf3, 0x1, 0x81, 0x2, 0x22, 0x22, 0x22,
    0x22, 0x20, 0x0, 0x30, 0x0, 0x0, 0x0, 0x0,
    0x0, 0x0, 0x0, 0x0, 0x0, 0x0, 0x0, 0x0,
    0xaa, 0xaa, 0xaa, 0xaa, 0xaa, 0xaa, 0x80, 0x0,
    0x0, 0x1, 0xff, 0xff, 0xff, 0xff, 0xff, 0xff,
    0xd0, 0x0, 0x0, 0x1, 0xfe, 0x0, 0x0, 0x0,
    0x0, 0x3f, 0xd0, 0x0, 0x0, 0x1, 0xfd, 0x0,
    0x0, 0x0, 0x0, 0x2f, 0xd0, 0x0, 0x0, 0x1,
    0xfd, 0x0, 0x0, 0x0, 0x0, 0x2f, 0xd0, 0x0,
    0x0, 0x1, 0xfe, 0x0, 0x0, 0x0, 0x0, 0x3f,
    0xd0, 0x0, 0x0, 0x1, 0xff, 0xff, 0xff, 0xff,
    0xff, 0xff, 0xd0, 0x0, 0x0, 0x1, 0xff, 0xbb,
    0xbb, 0xbb, 0xbb, 0xcf, 0xd0, 0x0, 0x0, 0x1,
    0xfd, 0x0, 0x0, 0x0, 0x0, 0x2e, 0xc0, 0x0,

    /* U+5411 "向" */
    0x0, 0x0, 0x0, 0x0, 0x0, 0x0, 0x0, 0x0,
    0x0, 0x0, 0x0, 0x0, 0xa, 0xfb, 0x0, 0x0,
    0x0, 0x0, 0x0, 0x0, 0x0, 0xf, 0xf6, 0x0,
    0x0, 0x0, 0x0, 0x0, 0x0, 0x0, 0x5f, 0xe0,
    0x0, 0x0, 0x0, 0x0, 0xb, 0xbb, 0xbb, 0xdf,
    0xeb, 0xbb, 0xbb, 0xbb, 0xb0, 0x1f, 0xff, 0xff,
    0xff, 0xff, 0xff, 0xff, 0xff, 0xf1, 0x1f, 0xd2,
    0x22, 0x22, 0x22, 0x22, 0x22, 0x2d, 0xf1, 0x1f,
    0xc0, 0x0, 0x0, 0x0, 0x0, 0x0, 0xc, 0xf1,
    0x1f, 0xc0, 0x0, 0x0, 0x0, 0x0, 0x0, 0xc,
    0xf1, 0x1f, 0xc0, 0xe, 0xff, 0xff, 0xff, 0xf0,
    0xc, 0xf1, 0x1f, 0xc0, 0xe, 0xe9, 0x99, 0x9e,
    0xf0, 0xc, 0xf1, 0x1f, 0xc0, 0xe, 0xc0, 0x0,
    0xb, 0xf0, 0xc, 0xf1, 0x1f, 0xc0, 0xe, 0xc0,
    0x0, 0xb, 0xf0, 0xc, 0xf1, 0x1f, 0xc0, 0xe,
    0xc0, 0x0, 0xc, 0xf0, 0xc, 0xf1, 0x1f, 0xc0,
    0xe, 0xff, 0xff, 0xff, 0xf0, 0xc, 0xf1, 0x1f,
    0xc0, 0xe, 0xe9, 0x99, 0x99, 0x90, 0xc, 0xf1,
    0x1f, 0xc0, 0xe, 0xc0, 0x0, 0x0, 0x0, 0xc,
    0xf1, 0x1f, 0xc0, 0x1, 0x10, 0x0, 0x0, 0x0,
    0xd, 0xf1, 0x1f, 0xc0, 0x0, 0x0, 0x0, 0x1,
    0xee, 0xef, 0xe0, 0x1f, 0xc0, 0x0, 0x0, 0x0,
    0x0, 0xbf, 0xfc, 0x40, 0x0, 0x0, 0x0, 0x0,
    0x0, 0x0, 0x0, 0x0, 0x0,

    /* U+547D "命" */
    0x0, 0x0, 0x0, 0x0, 0x0, 0x0, 0x0, 0x0,
    0x0, 0x0, 0x0, 0x0, 0x0, 0x0, 0x9, 0xc2,
    0x0, 0x0, 0x0, 0x0, 0x0, 0x0, 0x0, 0x0,
    0x8f, 0xf7, 0x0, 0x0, 0x0, 0x0, 0x0, 0x0,
    0x0, 0x1b, 0xfe, 0xef, 0x80, 0x0, 0x0, 0x0,
    0x0, 0x0, 0x5, 0xef, 0xd2, 0x1c, 0xfc, 0x30,
    0x0, 0x0, 0x0, 0x4, 0xcf, 0xf9, 0x0, 0x0,
    0xaf, 0xfb, 0x40, 0x0, 0x28, 0xef, 0xff, 0xea,
    0xaa, 0xaa, 0xaf, 0xff, 0xfe, 0x92, 0x2f, 0xfc,
    0x44, 0xff, 0xff, 0xff, 0xff, 0x18, 0xef, 0xc0,
    0x5, 0x30, 0x0, 0x0, 0x0, 0x0, 0x0, 0x0,
    0x4, 0x20, 0x0, 0x69, 0x99, 0x99, 0x60, 0x49,
    0x99, 0x99, 0x97, 0x0, 0x0, 0xaf, 0xff, 0xff,
    0xa0, 0x7f, 0xff, 0xff, 0xfc, 0x0, 0x0, 0xaf,
    0x10, 0x2f, 0xa0, 0x7f, 0x71, 0x12, 0xfc, 0x0,
    0x0, 0xaf, 0x10, 0x1f, 0xa0, 0x7f, 0x60, 0x1,
    0xfc, 0x0, 0x0, 0xaf, 0x10, 0x1f, 0xa0, 0x7f,
    0x60, 0x1, 0xfc, 0x0, 0x0, 0xaf, 0x32, 0x3f,
    0xa0, 0x7f, 0x60, 0x1, 0xfc, 0x0, 0x0, 0xaf,
    0xff, 0xff, 0xa0, 0x7f, 0x65, 0x9b, 0xfb, 0x0,
    0x0, 0xaf, 0x88, 0x88, 0x50, 0x7f, 0x65, 0xff,
    0xe4, 0x0, 0x0, 0xaf, 0x10, 0x0, 0x0, 0x7f,
    0x60, 0x10, 0x0, 0x0, 0x0, 0x35, 0x0, 0x0,
    0x0, 0x7f, 0x60, 0x0, 0x0, 0x0, 0x0, 0x0,
    0x0, 0x0, 0x0, 0x7f, 0x60, 0x0, 0x0, 0x0,

    /* U+56DE "回" */
    0x0, 0x0, 0x0, 0x0, 0x0, 0x0, 0x0, 0x0,
    0x0, 0x3f, 0xff, 0xff, 0xff, 0xff, 0xff, 0xff,
    0xff, 0xfe, 0x3f, 0xfe, 0xee, 0xee, 0xee, 0xee,
    0xee, 0xee, 0xfe, 0x3f, 0xb0, 0x0, 0x0, 0x0,
    0x0, 0x0, 0x2, 0xfe, 0x3f, 0xb0, 0x0, 0x0,
    0x0, 0x0, 0x0, 0x2, 0xfe, 0x3f, 0xb0, 0x8,
    0xaa, 0xaa, 0xaa, 0xa0, 0x2, 0xfe, 0x3f, 0xb0,
    0xd, 0xff, 0xff, 0xff, 0xf1, 0x2, 0xfe, 0x3f,
    0xb0, 0xd, 0xf0, 0x0, 0xc, 0xf1, 0x2, 0xfe,
    0x3f, 0xb0, 0xd, 0xf0, 0x0, 0xc, 0xf1, 0x2,
    0xfe, 0x3f, 0xb0, 0xd, 0xf0, 0x0, 0xc, 0xf1,
    0x2, 0xfe, 0x3f, 0xb0, 0xd, 0xf0, 0x0, 0xc,
    0xf1, 0x2, 0xfe, 0x3f, 0xb0, 0xd, 0xfa, 0xaa,
    0xae, 0xf1, 0x2, 0xfe, 0x3f, 0xb0, 0xd, 0xff,
    0xff, 0xff, 0xf1, 0x2, 0xfe, 0x3f, 0xb0, 0x0,
    0x0, 0x0, 0x0, 0x0, 0x2, 0xfe, 0x3f, 0xb0,
    0x0, 0x0, 0x0, 0x0, 0x0, 0x2, 0xfe, 0x3f,
    0xb0, 0x0, 0x0, 0x0, 0x0, 0x0, 0x2, 0xfe,
    0x3f, 0xff, 0xff, 0xff, 0xff, 0xff, 0xff, 0xff,
    0xfe, 0x3f, 0xeb, 0xbb, 0xbb, 0xbb, 0xbb, 0xbb,
    0xbc, 0xfe, 0x3f, 0xb0, 0x0, 0x0, 0x0, 0x0,
    0x0, 0x2, 0xfe,

    /* U+5757 "块" */
    0x0, 0x6, 0x80, 0x0, 0x0, 0x6, 0x81, 0x0,
    0x0, 0x0, 0x0, 0xb, 0xf0, 0x0, 0x0, 0xb,
    0xf1, 0x0, 0x0, 0x0, 0x0, 0xb, 0xf0, 0x0,
    0x0, 0xb, 0xf1, 0x0, 0x0, 0x0, 0x0, 0xb,
    0xf0, 0x0, 0x77, 0x7d, 0xf8, 0x77, 0x75, 0x0,
    0x0, 0xb, 0xf1, 0x0, 0xff, 0xff, 0xff, 0xff,
    0xfa, 0x0, 0xf, 0xff, 0xff, 0xf2, 0x44, 0x4c,
    0xf5, 0x45, 0xfa, 0x0, 0xb, 0xbe, 0xfb, 0xb1,
    0x0, 0xb, 0xf1, 0x1, 0xfa, 0x0, 0x0, 0xb,
    0xf0, 0x0, 0x0, 0xb, 0xf1, 0x1, 0xfa, 0x0,
    0x0, 0xb, 0xf0, 0x0, 0x0, 0xc, 0xf1, 0x1,
    0xfa, 0x0, 0x0, 0xb, 0xf0, 0x6, 0xcc, 0xcf,
    0xfc, 0xcc, 0xfe, 0xc0, 0x0, 0xb, 0xf0, 0x8,
    0xff, 0xff, 0xff, 0xff, 0xff, 0xf0, 0x0, 0xb,
    0xf7, 0xd3, 0x0, 0x4f, 0xff, 0x60, 0x0, 0x0,
    0x0, 0x3d, 0xff, 0xf4, 0x0, 0x8f, 0x8f, 0xc0,
    0x0, 0x0, 0x2c, 0xff, 0xf8, 0x10, 0x1, 0xff,
    0x1a, 0xf5, 0x0, 0x0, 0xe, 0xe7, 0x0, 0x0,
    0xb, 0xf9, 0x3, 0xfe, 0x20, 0x0, 0x3, 0x0,
    0x0, 0x0, 0xbf, 0xe0, 0x0, 0x8f, 0xe2, 0x0,
    0x0, 0x0, 0x0, 0x4d, 0xfe, 0x20, 0x0, 0xb,
    0xff, 0x70, 0x0, 0x0, 0x2, 0xff, 0xb1, 0x0,
    0x0, 0x0, 0xbf, 0xe1, 0x0, 0x0, 0x0, 0x45,
    0x0, 0x0, 0x0, 0x0, 0x5, 0x40,

    /* U+5899 "墙" */
    0x0, 0x9, 0x60, 0x0, 0x0, 0x2, 0xc7, 0x0,
    0x0, 0x0, 0x0, 0x1f, 0xa0, 0x7, 0x88, 0x89,
    0xfc, 0x88, 0x88, 0x10, 0x0, 0x1f, 0xa0, 0xe,
    0xff, 0xff, 0xff, 0xff, 0xff, 0x30, 0x0, 0x1f,
    0xa0, 0x0, 0x65, 0x4, 0xfa, 0x1, 0x71, 0x0,
    0x3, 0x4f, 0xb3, 0x10, 0xde, 0x23, 0xf9, 0x8,
    0xf6, 0x0, 0x1f, 0xff, 0xff, 0x70, 0x3f, 0xb3,
    0xf9, 0x3f, 0xb0, 0x0, 0x1a, 0xbf, 0xea, 0x50,
    0x9, 0x73, 0xfa, 0x4c, 0x20, 0x0, 0x0, 0x1f,
    0xa0, 0xaf, 0xff, 0xff, 0xff, 0xff, 0xff, 0xf1,
    0x0, 0x1f, 0xa0, 0x58, 0x88, 0x88, 0x88, 0x88,
    0x88, 0x80, 0x0, 0x1f, 0xa0, 0x3, 0x44, 0x44,
    0x44, 0x44, 0x44, 0x0, 0x0, 0x1f, 0xa0, 0xb,
    0xff, 0xff, 0xff, 0xff, 0xff, 0x10, 0x0, 0x1f,
    0xb7, 0x6b, 0xf1, 0x11, 0x11, 0x11, 0xaf, 0x10,
    0x0, 0x4f, 0xff, 0x8b, 0xf0, 0xee, 0xee, 0xe5,
    0x9f, 0x10, 0x2e, 0xff, 0xb3, 0xb, 0xf0, 0xf5,
    0x0, 0xf5, 0x9f, 0x10, 0xd, 0x92, 0x0, 0xb,
    0xf0, 0xfd, 0xcc, 0xf5, 0x9f, 0x10, 0x0, 0x0,
    0x0, 0xb, 0xf0, 0x22, 0x22, 0x20, 0x9f, 0x10,
    0x0, 0x0, 0x0, 0xb, 0xf8, 0x88, 0x88, 0x88,
    0xdf, 0x10, 0x0, 0x0, 0x0, 0xb, 0xff, 0xff,
    0xff, 0xff, 0xff, 0x10, 0x0, 0x0, 0x0, 0xb,
    0xf0, 0x0, 0x0, 0x0, 0x9f, 0x10,

    /* U+58A8 "墨" */
    0x0, 0x0, 0x0, 0x0, 0x0, 0x0, 0x0, 0x0,
    0x0, 0x0, 0xc, 0xff, 0xff, 0xff, 0xff, 0xff,
    0xff, 0xf0, 0x0, 0x0, 0xce, 0x38, 0x42, 0xfe,
    0x25, 0x93, 0xdf, 0x0, 0x0, 0xc, 0xe0, 0xd9,
    0xe, 0xe0, 0xac, 0xc, 0xf0, 0x0, 0x0, 0xce,
    0x5, 0x80, 0xfe, 0x1b, 0x30, 0xdf, 0x0, 0x0,
    0xc, 0xff, 0xff, 0xff, 0xff, 0xff, 0xff, 0xf0,
    0x0, 0x0, 0x11, 0x11, 0x11, 0xfe, 0x11, 0x11,
    0x11, 0x0, 0x0, 0xf, 0xff, 0xff, 0xff, 0xff,
    0xff, 0xff, 0xf4, 0x0, 0x0, 0x55, 0x55, 0x55,
    0xfe, 0x55, 0x55, 0x55, 0x10, 0x5, 0x66, 0x66,
    0x66, 0x6f, 0xf6, 0x66, 0x66, 0x66, 0x60, 0xcf,
    0xff, 0xff, 0xff, 0xff, 0xff, 0xff, 0xff, 0xfe,
    0x0, 0xb, 0xc0, 0x1c, 0x80, 0xd, 0xb0, 0xb,
    0xe2, 0x0, 0x1a, 0xf6, 0x0, 0xde, 0x44, 0x9f,
    0x30, 0x2e, 0xe2, 0x4, 0xe8, 0x33, 0x35, 0x3f,
    0xf4, 0x43, 0x33, 0x6a, 0x20, 0x0, 0xaf, 0xff,
    0xff, 0xff, 0xff, 0xff, 0xfe, 0x0, 0x0, 0x1,
    0x22, 0x22, 0x2f, 0xe2, 0x22, 0x22, 0x20, 0x0,
    0x67, 0x77, 0x77, 0x77, 0xff, 0x77, 0x77, 0x77,
    0x77, 0xe, 0xff, 0xff, 0xff, 0xff, 0xff, 0xff,
    0xff, 0xff, 0xf1, 0x0, 0x0, 0x0, 0x0, 0x0,
    0x0, 0x0, 0x0, 0x0, 0x0,

    /* U+59CB "始" */
    0x0, 0x7, 0xb1, 0x0, 0x0, 0x0, 0xb8, 0x0,
    0x0, 0x0, 0x0, 0xc, 0xf0, 0x0, 0x0, 0x5,
    0xfc, 0x0, 0x0, 0x0, 0x0, 0xe, 0xd0, 0x0,
    0x0, 0xc, 0xf5, 0x0, 0x0, 0x0, 0x0, 0xf,
    0xa0, 0x0, 0x0, 0x3f, 0xd0, 0x1a, 0x60, 0x0,
    0x1c, 0xdf, 0xec, 0xda, 0x0, 0xcf, 0x40, 0xd,
    0xf2, 0x0, 0x1f, 0xff, 0xff, 0xfd, 0x6, 0xfa,
    0x0, 0x3, 0xfc, 0x0, 0x0, 0x9f, 0x10, 0xfb,
    0x3f, 0xf6, 0x67, 0x89, 0xef, 0x50, 0x0, 0xde,
    0x1, 0xf9, 0xcf, 0xff, 0xff, 0xff, 0xff, 0xd0,
    0x1, 0xfa, 0x4, 0xf7, 0x7c, 0x98, 0x65, 0x32,
    0x9, 0xf3, 0x5, 0xf6, 0x7, 0xf4, 0x0, 0x0,
    0x0, 0x0, 0x1, 0x10, 0x9, 0xf7, 0xc, 0xf0,
    0x7, 0xaa, 0xaa, 0xaa, 0xaa, 0x10, 0x3, 0xef,
    0xaf, 0xb0, 0xb, 0xff, 0xff, 0xff, 0xff, 0x10,
    0x0, 0x1c, 0xff, 0x70, 0xb, 0xf0, 0x0, 0x0,
    0xbf, 0x10, 0x0, 0x1, 0xff, 0xd1, 0xb, 0xf0,
    0x0, 0x0, 0xaf, 0x10, 0x0, 0x9, 0xfe, 0xfc,
    0xb, 0xf0, 0x0, 0x0, 0xaf, 0x10, 0x0, 0x5f,
    0xe1, 0xbe, 0x1b, 0xf0, 0x0, 0x0, 0xaf, 0x10,
    0x7, 0xff, 0x50, 0x3, 0xb, 0xff, 0xff, 0xff,
    0xff, 0x10, 0xd, 0xf9, 0x0, 0x0, 0xb, 0xfb,
    0xbb, 0xbb, 0xef, 0x10, 0x4, 0x70, 0x0, 0x0,
    0xb, 0xf0, 0x0, 0x0, 0xaf, 0x10,

    /* U+5B57 "字" */
    0x0, 0x0, 0x0, 0x0, 0x0, 0x0, 0x0, 0x0,
    0x0, 0x0, 0x0, 0x0, 0x5, 0xd6, 0x0, 0x0,
    0x0, 0x0, 0x0, 0x0, 0x0, 0x3, 0xfe, 0x0,
    0x0, 0x0, 0x0, 0x9d, 0xdd, 0xdd, 0xdd, 0xff,
    0xed, 0xdd, 0xdd, 0xd3, 0xbf, 0xff, 0xff, 0xff,
    0xff, 0xff, 0xff, 0xff, 0xf4, 0xbf, 0x40, 0x0,
    0x0, 0x0, 0x0, 0x0, 0xa, 0xf4, 0xbf, 0x40,
    0x0, 0x0, 0x0, 0x0, 0x0, 0xa, 0xf4, 0x57,
    0x24, 0xff, 0xff, 0xff, 0xff, 0xfd, 0x24, 0x72,
    0x0, 0x3, 0xbb, 0xbb, 0xbb, 0xcf, 0xfa, 0x0,
    0x0, 0x0, 0x0, 0x0, 0x0, 0x3, 0xef, 0x90,
    0x0, 0x0, 0x0, 0x0, 0x0, 0x0, 0x9f, 0xe4,
    0x0, 0x0, 0x0, 0x0, 0x0, 0x0, 0x1, 0xff,
    0x10, 0x0, 0x0, 0x0, 0xef, 0xff, 0xff, 0xff,
    0xff, 0xff, 0xff, 0xff, 0xf6, 0xab, 0xbb, 0xbb,
    0xbc, 0xff, 0xbb, 0xbb, 0xbb, 0xb5, 0x0, 0x0,
    0x0, 0x1, 0xfe, 0x0, 0x0, 0x0, 0x0, 0x0,
    0x0, 0x0, 0x1, 0xfe, 0x0, 0x0, 0x0, 0x0,
    0x0, 0x0, 0x0, 0x1, 0xfe, 0x0, 0x0, 0x0,
    0x0, 0x0, 0x0, 0x0, 0x1, 0xfe, 0x0, 0x0,
    0x0, 0x0, 0x0, 0x0, 0x5d, 0xde, 0xfc, 0x0,
    0x0, 0x0, 0x0, 0x0, 0x0, 0xe, 0xfe, 0xb2,
    0x0, 0x0, 0x0, 0x0,

    /* U+5C06 "将" */
    0x0, 0x0, 0x68, 0x0, 0x0, 0x1, 0xa6, 0x0,
    0x0, 0x0, 0x0, 0x0, 0xcf, 0x10, 0x0, 0x1c,
    0xfd, 0x77, 0x77, 0x10, 0x1, 0x0, 0xcf, 0x10,
    0x4, 0xef, 0xff, 0xff, 0xff, 0x90, 0x2d, 0xa0,
    0xcf, 0x13, 0xbf, 0xe3, 0x0, 0x3, 0xfe, 0x10,
    0xd, 0xf7, 0xcf, 0x1c, 0xfb, 0x7a, 0x0, 0x1e,
    0xf4, 0x0, 0x2, 0xef, 0xef, 0x11, 0x40, 0x9f,
    0xb3, 0xef, 0x60, 0x0, 0x0, 0x6f, 0xef, 0x10,
    0x0, 0xc, 0xff, 0xe4, 0x0, 0x0, 0x0, 0x3,
    0xcf, 0x10, 0x3, 0x9f, 0xf9, 0x10, 0x0, 0x0,
    0x0, 0x0, 0xcf, 0x19, 0xef, 0xf9, 0x20, 0x1f,
    0xc0, 0x0, 0x0, 0x0, 0xcf, 0x15, 0xa5, 0x10,
    0x0, 0x1f, 0xc0, 0x0, 0x0, 0x8, 0xff, 0x2f,
    0xff, 0xff, 0xff, 0xff, 0xff, 0xf1, 0x0, 0xbf,
    0xff, 0x2b, 0xbb, 0xbb, 0xbb, 0xbf, 0xfb, 0xb1,
    0x2d, 0xfb, 0xcf, 0x10, 0x3c, 0x30, 0x0, 0x1f,
    0xc0, 0x0, 0x1f, 0xa0, 0xcf, 0x10, 0x4f, 0xe1,
    0x0, 0x1f, 0xc0, 0x0, 0x3, 0x0, 0xcf, 0x10,
    0x8, 0xfa, 0x0, 0x1f, 0xc0, 0x0, 0x0, 0x0,
    0xcf, 0x10, 0x0, 0xef, 0x30, 0x1f, 0xc0, 0x0,
    0x0, 0x0, 0xcf, 0x10, 0x0, 0x43, 0x0, 0x1f,
    0xc0, 0x0, 0x0, 0x0, 0xcf, 0x10, 0x0, 0x0,
    0xbb, 0xcf, 0xa0, 0x0, 0x0, 0x0, 0xcf, 0x10,
    0x0, 0x0, 0xbf, 0xec, 0x20, 0x0,

    /* U+5C4F "屏" */
    0x0, 0xaf, 0xff, 0xff, 0xff, 0xff, 0xff, 0xff,
    0xfb, 0x0, 0xa, 0xfb, 0xaa, 0xaa, 0xaa, 0xaa,
    0xaa, 0xbf, 0xc0, 0x0, 0xaf, 0x40, 0x0, 0x0,
    0x0, 0x0, 0x3, 0xfc, 0x0, 0xa, 0xfb, 0x99,
    0x99, 0x99, 0x99, 0x99, 0xbf, 0xc0, 0x0, 0xaf,
    0xff, 0xff, 0xff, 0xff, 0xff, 0xff, 0xfc, 0x0,
    0xa, 0xf4, 0x0, 0x9b, 0x0, 0x0, 0xc, 0x90,
    0x0, 0x0, 0xaf, 0x40, 0xa, 0xf6, 0x0, 0x6,
    0xfa, 0x0, 0x0, 0xa, 0xf4, 0x88, 0xac, 0x88,
    0x88, 0xef, 0x98, 0x81, 0x0, 0xbf, 0x3f, 0xff,
    0xff, 0xff, 0xff, 0xff, 0xff, 0x20, 0xb, 0xf3,
    0x0, 0x1f, 0xc0, 0x0, 0xdf, 0x10, 0x0, 0x0,
    0xcf, 0x10, 0x1, 0xfc, 0x0, 0xc, 0xf1, 0x0,
    0x0, 0xe, 0xf4, 0x88, 0x9f, 0xe8, 0x88, 0xef,
    0x98, 0x86, 0x1, 0xfe, 0x8f, 0xff, 0xff, 0xff,
    0xff, 0xff, 0xff, 0xb0, 0x4f, 0xa0, 0x0, 0x9f,
    0x70, 0x0, 0xdf, 0x10, 0x0, 0x8, 0xf6, 0x0,
    0x2f, 0xf2, 0x0, 0xc, 0xf1, 0x0, 0x0, 0xef,
    0x20, 0x3e, 0xf9, 0x0, 0x0, 0xcf, 0x10, 0x0,
    0x7f, 0xb0, 0x6f, 0xfb, 0x0, 0x0, 0xc, 0xf1,
    0x0, 0x1, 0xa4, 0x0, 0xc7, 0x0, 0x0, 0x0,
    0xcf, 0x10, 0x0, 0x0, 0x0, 0x0, 0x0, 0x0,
    0x0, 0x0, 0x0, 0x0, 0x0,

    /* U+5DE6 "左" */
    0x0, 0x0, 0x0, 0x9, 0x70, 0x0, 0x0, 0x0,
    0x0, 0x0, 0x0, 0x0, 0x2, 0xfd, 0x0, 0x0,
    0x0, 0x0, 0x0, 0x0, 0x0, 0x0, 0x5f, 0xa0,
    0x0, 0x0, 0x0, 0x0, 0x0, 0x22, 0x22, 0x29,
    0xf8, 0x22, 0x22, 0x22, 0x22, 0x21, 0xe, 0xff,
    0xff, 0xff, 0xff, 0xff, 0xff, 0xff, 0xff, 0x80,
    0x9a, 0xaa, 0xaf, 0xfa, 0xaa, 0xaa, 0xaa, 0xaa,
    0xa5, 0x0, 0x0, 0x4, 0xfa, 0x0, 0x0, 0x0,
    0x0, 0x0, 0x0, 0x0, 0x0, 0x9f, 0x50, 0x0,
    0x0, 0x0, 0x0, 0x0, 0x0, 0x0, 0xe, 0xf1,
    0x0, 0x0, 0x0, 0x0, 0x0, 0x0, 0x0, 0x3,
    0xfe, 0xff, 0xff, 0xff, 0xff, 0xff, 0xf0, 0x0,
    0x0, 0xaf, 0x7c, 0xcc, 0xcf, 0xfc, 0xcc, 0xcc,
    0x0, 0x0, 0x1f, 0xc0, 0x0, 0x1, 0xfd, 0x0,
    0x0, 0x0, 0x0, 0x9, 0xf5, 0x0, 0x0, 0x1f,
    0xd0, 0x0, 0x0, 0x0, 0x2, 0xfe, 0x0, 0x0,
    0x1, 0xfd, 0x0, 0x0, 0x0, 0x0, 0xbf, 0x60,
    0x0, 0x0, 0x1f, 0xd0, 0x0, 0x0, 0x0, 0x8f,
    0xc0, 0x0, 0x0, 0x1, 0xfd, 0x0, 0x0, 0x0,
    0x6f, 0xf2, 0x0, 0x0, 0x0, 0x1f, 0xd0, 0x0,
    0x0, 0x3, 0xf4, 0x5, 0xcc, 0xcc, 0xcd, 0xff,
    0xcc, 0xcc, 0xcb, 0x2, 0x0, 0x6f, 0xff, 0xff,
    0xff, 0xff, 0xff, 0xff, 0xd0,

    /* U+5E55 "幕" */
    0x0, 0x0, 0x4, 0xf8, 0x0, 0x0, 0xaf, 0x20,
    0x0, 0x0, 0x9, 0xcc, 0xcd, 0xfe, 0xcc, 0xcc,
    0xff, 0xdc, 0xcc, 0x90, 0x8, 0xbb, 0xbc, 0xfe,
    0xbb, 0xbb, 0xef, 0xcb, 0xbb, 0x80, 0x0, 0x1,
    0x14, 0xa7, 0x11, 0x11, 0x7a, 0x31, 0x10, 0x0,
    0x0, 0xc, 0xff, 0xff, 0xff, 0xff, 0xff, 0xff,
    0xe0, 0x0, 0x0, 0xc, 0xf1, 0x0, 0x0, 0x0,
    0x0, 0xf, 0xe0, 0x0, 0x0, 0xc, 0xff, 0xff,
    0xff, 0xff, 0xff, 0xff, 0xe0, 0x0, 0x0, 0xc,
    0xf3, 0x22, 0x22, 0x22, 0x22, 0x2f, 0xe0, 0x0,
    0x0, 0xc, 0xfb, 0xaa, 0xaa, 0xaa, 0xaa, 0xaf,
    0xe0, 0x0, 0x0, 0x6, 0x88, 0xbf, 0xd8, 0x88,
    0x88, 0x88, 0x80, 0x0, 0x7, 0x77, 0x77, 0xdf,
    0xa7, 0x77, 0x77, 0x77, 0x77, 0x60, 0xf, 0xff,
    0xff, 0xff, 0xff, 0xff, 0xff, 0xff, 0xff, 0xf0,
    0x0, 0x2, 0xdf, 0xb0, 0xf, 0xd0, 0x9, 0xfb,
    0x10, 0x0, 0x0, 0x6e, 0xff, 0x98, 0x8f, 0xe8,
    0x89, 0xff, 0xe6, 0x10, 0x2e, 0xfe, 0xff, 0xff,
    0xff, 0xff, 0xff, 0xff, 0xef, 0xf2, 0x9, 0x70,
    0xdf, 0x0, 0xf, 0xd0, 0x0, 0xcf, 0x15, 0x60,
    0x0, 0x0, 0xdf, 0x0, 0xf, 0xd0, 0x46, 0xef,
    0x0, 0x0, 0x0, 0x0, 0xdf, 0x0, 0xf, 0xd0,
    0x6e, 0xd8, 0x0, 0x0, 0x0, 0x0, 0x0, 0x0,
    0xf, 0xd0, 0x0, 0x0, 0x0, 0x0,

    /* U+5E76 "并" */
    0x0, 0x0, 0x4b, 0x50, 0x0, 0x0, 0x5, 0xc7,
    0x0, 0x0, 0x0, 0x0, 0x4f, 0xe1, 0x0, 0x0,
    0xb, 0xf9, 0x0, 0x0, 0x0, 0x0, 0xa, 0xf9,
    0x0, 0x0, 0x2f, 0xf1, 0x0, 0x0, 0x0, 0x0,
    0x2, 0xfb, 0x0, 0x0, 0x9f, 0x80, 0x0, 0x0,
    0x3, 0xcc, 0xcc, 0xec, 0xcc, 0xcc, 0xff, 0xdc,
    0xcc, 0x50, 0x4, 0xff, 0xff, 0xff, 0xff, 0xff,
    0xff, 0xff, 0xff, 0x60, 0x0, 0x0, 0x7, 0xf8,
    0x0, 0x0, 0x7f, 0x90, 0x0, 0x0, 0x0, 0x0,
    0x7, 0xf7, 0x0, 0x0, 0x6f, 0x80, 0x0, 0x0,
    0x0, 0x0, 0x7, 0xf7, 0x0, 0x0, 0x6f, 0x80,
    0x0, 0x0, 0x0, 0x0, 0x7, 0xf8, 0x0, 0x0,
    0x7f, 0x90, 0x0, 0x0, 0xf, 0xff, 0xff, 0xff,
    0xff, 0xff, 0xff, 0xff, 0xff, 0xf0, 0xc, 0xcc,
    0xce, 0xfd, 0xcc, 0xcc, 0xef, 0xec, 0xcc, 0xc0,
    0x0, 0x0, 0xc, 0xf3, 0x0, 0x0, 0x6f, 0x80,
    0x0, 0x0, 0x0, 0x0, 0x1f, 0xf0, 0x0, 0x0,
    0x6f, 0x80, 0x0, 0x0, 0x0, 0x0, 0x9f, 0xa0,
    0x0, 0x0, 0x6f, 0x80, 0x0, 0x0, 0x0, 0x5,
    0xff, 0x30, 0x0, 0x0, 0x6f, 0x80, 0x0, 0x0,
    0x0, 0x6f, 0xf8, 0x0, 0x0, 0x0, 0x6f, 0x80,
    0x0, 0x0, 0x9, 0xff, 0xa0, 0x0, 0x0, 0x0,
    0x6f, 0x80, 0x0, 0x0, 0x2, 0xe6, 0x0, 0x0,
    0x0, 0x0, 0x6f, 0x80, 0x0, 0x0, 0x0, 0x0,
    0x0, 0x0, 0x0, 0x0, 0x0, 0x0, 0x0, 0x0,

    /* U+5F00 "开" */
    0x3, 0xbb, 0xbb, 0xbb, 0xbb, 0xbb, 0xbb, 0xbb,
    0xbb, 0x50, 0x4, 0xff, 0xff, 0xff, 0xff, 0xff,
    0xff, 0xff, 0xff, 0x60, 0x0, 0x0, 0x5, 0xfa,
    0x0, 0x0, 0x4f, 0xc0, 0x0, 0x0, 0x0, 0x0,
    0x4, 0xf9, 0x0, 0x0, 0x3f, 0xb0, 0x0, 0x0,
    0x0, 0x0, 0x4, 0xf9, 0x0, 0x0, 0x3f, 0xb0,
    0x0, 0x0, 0x0, 0x0, 0x4, 0xf9, 0x0, 0x0,
    0x3f, 0xb0, 0x0, 0x0, 0x0, 0x0, 0x4, 0xf9,
    0x0, 0x0, 0x3f, 0xb0, 0x0, 0x0, 0xb, 0xbb,
    0xbc, 0xfe, 0xbb, 0xbb, 0xcf, 0xeb, 0xbb, 0xb0,
    0xf, 0xff, 0xff, 0xff, 0xff, 0xff, 0xff, 0xff,
    0xff, 0xf0, 0x1, 0x11, 0x19, 0xf8, 0x11, 0x11,
    0x4f, 0xc1, 0x11, 0x10, 0x0, 0x0, 0xb, 0xf4,
    0x0, 0x0, 0x3f, 0xb0, 0x0, 0x0, 0x0, 0x0,
    0xf, 0xf1, 0x0, 0x0, 0x3f, 0xb0, 0x0, 0x0,
    0x0, 0x0, 0x6f, 0xc0, 0x0, 0x0, 0x3f, 0xb0,
    0x0, 0x0, 0x0, 0x1, 0xef, 0x60, 0x0, 0x0,
    0x3f, 0xb0, 0x0, 0x0, 0x0, 0xb, 0xfd, 0x0,
    0x0, 0x0, 0x3f, 0xb0, 0x0, 0x0, 0x0, 0xaf,
    0xf3, 0x0, 0x0, 0x0, 0x3f, 0xb0, 0x0, 0x0,
    0xb, 0xff, 0x50, 0x0, 0x0, 0x0, 0x3f, 0xb0,
    0x0, 0x0, 0x1, 0xc3, 0x0, 0x0, 0x0, 0x0,
    0x3f, 0xb0, 0x0, 0x0, 0x0, 0x0, 0x0, 0x0,
    0x0, 0x0, 0x0, 0x0, 0x0, 0x0,

    /* U+5F69 "彩" */
    0x0, 0x0, 0x0, 0x0, 0x1, 0x20, 0x0, 0x0,
    0x0, 0x0, 0x0, 0x2, 0x46, 0x8b, 0xef, 0xe1,
    0x0, 0x1, 0xdd, 0x30, 0xe, 0xff, 0xff, 0xff,
    0xeb, 0x82, 0x0, 0x1d, 0xfa, 0x0, 0x8, 0x98,
    0x65, 0x30, 0x0, 0x0, 0x5, 0xef, 0xa0, 0x0,
    0x1, 0x70, 0xd, 0xb0, 0x9, 0xf5, 0xaf, 0xf9,
    0x0, 0x0, 0x5, 0xf7, 0x8, 0xf3, 0xf, 0xd0,
    0xae, 0x40, 0x0, 0x0, 0x0, 0xbf, 0x12, 0xf9,
    0x7f, 0x50, 0x1, 0x0, 0x28, 0x20, 0x0, 0x3e,
    0x42, 0x92, 0xbb, 0x0, 0x0, 0x2, 0xef, 0x80,
    0x0, 0x0, 0x7, 0xf5, 0x0, 0x0, 0x0, 0x6f,
    0xf7, 0x0, 0xa, 0xbb, 0xbd, 0xfd, 0xbb, 0xb3,
    0x3c, 0xff, 0x60, 0x0, 0xe, 0xff, 0xff, 0xff,
    0xff, 0xf5, 0xcf, 0xc2, 0x0, 0x0, 0x0, 0x0,
    0x6f, 0xff, 0x80, 0x0, 0x15, 0x0, 0x2, 0x10,
    0x0, 0x3, 0xff, 0xff, 0xf9, 0x0, 0x0, 0x0,
    0x1e, 0xf3, 0x0, 0xd, 0xfd, 0xf6, 0xcf, 0x70,
    0x0, 0x0, 0xcf, 0xb0, 0x0, 0xcf, 0x97, 0xf5,
    0x1e, 0xf1, 0x0, 0x1c, 0xfd, 0x10, 0x2d, 0xfc,
    0x7, 0xf5, 0x3, 0x40, 0x3, 0xdf, 0xd1, 0x0,
    0x3f, 0xc0, 0x7, 0xf5, 0x0, 0x1, 0x9f, 0xfc,
    0x10, 0x0, 0x5, 0x0, 0x7, 0xf5, 0x0, 0x1f,
    0xff, 0x90, 0x0, 0x0, 0x0, 0x0, 0x7, 0xf5,
    0x0, 0x6, 0xc3, 0x0, 0x0, 0x0, 0x0, 0x0,
    0x0, 0x0, 0x0, 0x0, 0x0, 0x0, 0x0, 0x0,

    /* U+5FEB "快" */
    0x0, 0x6, 0x80, 0x0, 0x0, 0x5, 0x82, 0x0,
    0x0, 0x0, 0x0, 0xc, 0xf1, 0x0, 0x0, 0x9,
    0xf3, 0x0, 0x0, 0x0, 0x0, 0xc, 0xf1, 0x0,
    0x0, 0x9, 0xf3, 0x0, 0x0, 0x0, 0x0, 0xc,
    0xf6, 0x23, 0xcc, 0xce, 0xfd, 0xcc, 0xc7, 0x0,
    0x9, 0xac, 0xfe, 0xa4, 0xff, 0xff, 0xff, 0xff,
    0xf9, 0x0, 0xc, 0xac, 0xf9, 0xf2, 0x0, 0x9,
    0xf3, 0x3, 0xf9, 0x0, 0xe, 0x8c, 0xf3, 0xf8,
    0x0, 0xa, 0xf3, 0x3, 0xf9, 0x0, 0x2f, 0x6c,
    0xf1, 0x93, 0x0, 0xa, 0xf3, 0x3, 0xf9, 0x0,
    0x6f, 0x2c, 0xf1, 0x0, 0x0, 0xa, 0xf2, 0x3,
    0xf9, 0x0, 0x28, 0xc, 0xf1, 0x6c, 0xcc, 0xcf,
    0xfd, 0xcd, 0xfe, 0xc0, 0x0, 0xc, 0xf1, 0x7f,
    0xff, 0xff, 0xff, 0xff, 0xff, 0xf1, 0x0, 0xc,
    0xf1, 0x0, 0x0, 0x1f, 0xff, 0x20, 0x0, 0x0,
    0x0, 0xc, 0xf1, 0x0, 0x0, 0x6f, 0xdf, 0x90,
    0x0, 0x0, 0x0, 0xc, 0xf1, 0x0, 0x0, 0xef,
    0x2e, 0xf2, 0x0, 0x0, 0x0, 0xc, 0xf1, 0x0,
    0x8, 0xfb, 0x7, 0xfc, 0x0, 0x0, 0x0, 0xc,
    0xf1, 0x0, 0x6f, 0xf2, 0x0, 0xdf, 0xb0, 0x0,
    0x0, 0xc, 0xf1, 0x8, 0xff, 0x50, 0x0, 0x3f,
    0xfc, 0x30, 0x0, 0xc, 0xf1, 0xcf, 0xf6, 0x0,
    0x0, 0x4, 0xff, 0xf1, 0x0, 0xc, 0xf1, 0x4d,
    0x30, 0x0, 0x0, 0x0, 0x2b, 0x50, 0x0, 0x0,
    0x0, 0x0, 0x0, 0x0, 0x0, 0x0, 0x0, 0x0,

    /* U+620F "戏" */
    0x0, 0x0, 0x0, 0x0, 0x0, 0x2c, 0x90, 0x18,
    0x0, 0x0, 0x0, 0x0, 0x0, 0x0, 0x0, 0x2f,
    0xd0, 0x9f, 0xc0, 0x0, 0xa, 0xaa, 0xaa, 0xaa,
    0x40, 0x1f, 0xd0, 0xa, 0xfb, 0x0, 0xf, 0xff,
    0xff, 0xff, 0x70, 0xf, 0xe0, 0x0, 0xb8, 0x0,
    0x0, 0x0, 0x0, 0x9f, 0x40, 0xf, 0xf0, 0x0,
    0x13, 0x40, 0x3, 0x80, 0x0, 0xdf, 0x34, 0x6f,
    0xfb, 0xdf, 0xff, 0xe0, 0xb, 0xf6, 0x1, 0xfe,
    0x5f, 0xff, 0xff, 0xec, 0xa8, 0x60, 0x1, 0xef,
    0x25, 0xfa, 0x28, 0x6d, 0xf3, 0x0, 0x32, 0x0,
    0x0, 0x5f, 0xda, 0xf5, 0x0, 0xa, 0xf5, 0x0,
    0xdf, 0x10, 0x0, 0xa, 0xff, 0xf0, 0x0, 0x7,
    0xf7, 0x4, 0xf9, 0x0, 0x0, 0x1, 0xef, 0xb0,
    0x0, 0x5, 0xfa, 0xd, 0xf2, 0x0, 0x0, 0x0,
    0xef, 0xe1, 0x0, 0x2, 0xfd, 0x8f, 0x90, 0x0,
    0x0, 0x9, 0xff, 0xfa, 0x0, 0x0, 0xff, 0xfd,
    0x0, 0x0, 0x0, 0x3f, 0xf4, 0xef, 0x40, 0x0,
    0xbf, 0xf3, 0x2, 0x10, 0x2, 0xef, 0x80, 0x6f,
    0xb0, 0x4, 0xef, 0xd0, 0x7, 0xe2, 0x2e, 0xfc,
    0x0, 0xa, 0x10, 0x6f, 0xff, 0xf6, 0x9, 0xf1,
    0x1d, 0xc0, 0x0, 0x0, 0x2c, 0xff, 0x78, 0xff,
    0xae, 0xd0, 0x2, 0x0, 0x0, 0x0, 0x2d, 0xe4,
    0x0, 0xcf, 0xff, 0x70, 0x0, 0x0, 0x0, 0x0,
    0x1, 0x0, 0x0, 0x8, 0xeb, 0x0, 0x0, 0x0,
    0x0, 0x0, 0x0, 0x0, 0x0, 0x0, 0x0, 0x0,

    /* U+6253 "打" */
    0x0, 0x3, 0xe9, 0x0, 0x0, 0x0, 0x0, 0x0,
    0x0, 0x0, 0x0, 0x3, 0xfa, 0x0, 0x24, 0x44,
    0x44, 0x44, 0x44, 0x41, 0x0, 0x3, 0xfa, 0x0,
    0x9f, 0xff, 0xff, 0xff, 0xff, 0xf5, 0x0, 0x3,
    0xfa, 0x0, 0x59, 0x99, 0x9a, 0xff, 0x99, 0x93,
    0x1f, 0xff, 0xff, 0xff, 0x30, 0x0, 0x1, 0xfe,
    0x0, 0x0, 0x1d, 0xde, 0xff, 0xdd, 0x20, 0x0,
    0x1, 0xfe, 0x0, 0x0, 0x0, 0x3, 0xfa, 0x0,
    0x0, 0x0, 0x1, 0xfe, 0x0, 0x0, 0x0, 0x3,
    0xfa, 0x0, 0x0, 0x0, 0x1, 0xfe, 0x0, 0x0,
    0x0, 0x3, 0xfa, 0x1, 0x10, 0x0, 0x1, 0xfe,
    0x0, 0x0, 0x0, 0x3, 0xfe, 0xdf, 0x50, 0x0,
    0x1, 0xfe, 0x0, 0x0, 0x17, 0xbf, 0xff, 0xfd,
    0x40, 0x0, 0x1, 0xfe, 0x0, 0x0, 0x1f, 0xff,
    0xfc, 0x20, 0x0, 0x0, 0x1, 0xfe, 0x0, 0x0,
    0x8, 0x54, 0xfa, 0x0, 0x0, 0x0, 0x1, 0xfe,
    0x0, 0x0, 0x0, 0x3, 0xfa, 0x0, 0x0, 0x0,
    0x1, 0xfe, 0x0, 0x0, 0x0, 0x3, 0xfa, 0x0,
    0x0, 0x0, 0x1, 0xfe, 0x0, 0x0, 0x0, 0x3,
    0xfa, 0x0, 0x0, 0x0, 0x1, 0xfe, 0x0, 0x0,
    0x0, 0x3, 0xfa, 0x0, 0x0, 0x0, 0x2, 0xfe,
    0x0, 0x0, 0x6, 0xce, 0xf8, 0x0, 0x0, 0xbe,
    0xef, 0xfb, 0x0, 0x0, 0x3, 0xff, 0xb1, 0x0,
    0x0, 0x6f, 0xff, 0xc2, 0x0, 0x0, 0x0, 0x0,
    0x0, 0x0, 0x0, 0x1, 0x0, 0x0, 0x0, 0x0,

    /* U+62D6 "拖" */
    0x0, 0xa, 0xd0, 0x0, 0x2, 0xc7, 0x0, 0x0,
    0x0, 0x0, 0x0, 0xc, 0xf0, 0x0, 0x8, 0xf7,
    0x0, 0x0, 0x0, 0x0, 0x0, 0xc, 0xf0, 0x0,
    0xe, 0xf5, 0x33, 0x33, 0x33, 0x30, 0x0, 0xc,
    0xf0, 0x0, 0x4f, 0xff, 0xff, 0xff, 0xff, 0xf3,
    0x2f, 0xff, 0xff, 0xe0, 0xcf, 0x87, 0x77, 0x77,
    0x77, 0x71, 0x2f, 0xff, 0xff, 0xe6, 0xf9, 0x0,
    0x1f, 0x80, 0x0, 0x0, 0x0, 0xc, 0xf0, 0x3f,
    0xf1, 0x0, 0x1f, 0x80, 0x0, 0x0, 0x0, 0xc,
    0xf0, 0xa, 0x5e, 0xb0, 0x1f, 0x93, 0xac, 0x10,
    0x0, 0xc, 0xf0, 0x0, 0xf, 0xb0, 0x3f, 0xff,
    0xff, 0x10, 0x0, 0xc, 0xf7, 0x90, 0xf, 0xec,
    0xff, 0xe7, 0x9f, 0x10, 0x15, 0x9f, 0xff, 0xf6,
    0xbf, 0xfe, 0x9f, 0x80, 0x8f, 0x10, 0x3f, 0xff,
    0xf5, 0xb, 0xff, 0xc0, 0x1f, 0x80, 0x8f, 0x10,
    0x7, 0x2c, 0xf0, 0x2, 0xf, 0xb0, 0x1f, 0x80,
    0x9f, 0x0, 0x0, 0xc, 0xf0, 0x0, 0xf, 0xb0,
    0x1f, 0x8b, 0xfe, 0x0, 0x0, 0xc, 0xf0, 0x0,
    0xf, 0xb0, 0x1f, 0x86, 0x84, 0x0, 0x0, 0xc,
    0xf0, 0x0, 0xf, 0xb0, 0x3, 0x20, 0x4, 0xe3,
    0x0, 0xc, 0xf0, 0x0, 0xe, 0xd0, 0x0, 0x0,
    0x7, 0xf3, 0xa, 0xdf, 0xf0, 0x0, 0xc, 0xfc,
    0xbb, 0xbb, 0xbf, 0xe0, 0x8, 0xfd, 0x50, 0x0,
    0x3, 0xbd, 0xee, 0xee, 0xec, 0x40,

    /* U+6321 "挡" */
    0x0, 0x0, 0x10, 0x0, 0x0, 0x0, 0x0, 0x0,
    0x0, 0x0, 0x0, 0x8, 0xf6, 0x0, 0x0, 0x0,
    0xcf, 0x10, 0x0, 0x0, 0x0, 0x8, 0xf6, 0x0,
    0x48, 0x0, 0xcf, 0x10, 0x9, 0x50, 0x0, 0x8,
    0xf6, 0x0, 0xaf, 0x10, 0xcf, 0x10, 0x5f, 0xc0,
    0x0, 0x8, 0xf6, 0x0, 0x4f, 0x70, 0xcf, 0x10,
    0x9f, 0x60, 0x1f, 0xff, 0xff, 0xf7, 0xf, 0xb0,
    0xcf, 0x10, 0xff, 0x0, 0x1d, 0xde, 0xfe, 0xd6,
    0xa, 0xf0, 0xcf, 0x16, 0xf9, 0x0, 0x0, 0x8,
    0xf6, 0x0, 0x3, 0x30, 0xcf, 0x13, 0x82, 0x0,
    0x0, 0x8, 0xf6, 0x0, 0xab, 0xbb, 0xef, 0xbb,
    0xbb, 0x80, 0x0, 0x8, 0xf6, 0x34, 0xef, 0xff,
    0xff, 0xff, 0xff, 0xb0, 0x0, 0x2b, 0xff, 0xf9,
    0x11, 0x11, 0x11, 0x11, 0x3f, 0xb0, 0x4e, 0xff,
    0xfe, 0xa3, 0x0, 0x0, 0x0, 0x0, 0x2f, 0xb0,
    0x2f, 0xdc, 0xf6, 0x0, 0x6a, 0xaa, 0xaa, 0xaa,
    0xbf, 0xb0, 0x1, 0x8, 0xf6, 0x0, 0x9f, 0xff,
    0xff, 0xff, 0xff, 0xb0, 0x0, 0x8, 0xf6, 0x0,
    0x0, 0x0, 0x0, 0x0, 0x2f, 0xb0, 0x0, 0x8,
    0xf6, 0x0, 0x0, 0x0, 0x0, 0x0, 0x2f, 0xb0,
    0x0, 0x8, 0xf6, 0x3, 0xaa, 0xaa, 0xaa, 0xaa,
    0xbf, 0xb0, 0x0, 0x8, 0xf6, 0x5, 0xff, 0xff,
    0xff, 0xff, 0xff, 0xb0, 0x7, 0xad, 0xf4, 0x1,
    0x22, 0x22, 0x22, 0x22, 0x4f, 0xb0, 0x7, 0xff,
    0xa0, 0x0, 0x0, 0x0, 0x0, 0x0, 0x2f, 0xb0,
    0x0, 0x0, 0x0, 0x0, 0x0, 0x0, 0x0, 0x0,
    0x0, 0x0,

    /* U+6389 "掉" */
    0x0, 0xc, 0xd0, 0x0, 0x0, 0x1, 0xda, 0x0,
    0x0, 0x0, 0x0, 0xd, 0xf0, 0x0, 0x0, 0x1,
    0xfe, 0x88, 0x88, 0x80, 0x0, 0xd, 0xf0, 0x0,
    0x0, 0x1, 0xff, 0xff, 0xff, 0xf0, 0x1, 0x1e,
    0xf1, 0x10, 0x0, 0x1, 0xfc, 0x11, 0x11, 0x10,
    0x2f, 0xff, 0xff, 0xf1, 0x22, 0x23, 0xfc, 0x22,
    0x22, 0x0, 0x2b, 0xbf, 0xfb, 0xb6, 0xff, 0xff,
    0xff, 0xff, 0xff, 0x0, 0x0, 0xd, 0xf0, 0x5,
    0xf9, 0x44, 0x44, 0x44, 0xdf, 0x0, 0x0, 0xd,
    0xf0, 0x5, 0xf8, 0x11, 0x11, 0x11, 0xdf, 0x0,
    0x0, 0xd, 0xf0, 0x25, 0xff, 0xff, 0xff, 0xff,
    0xff, 0x0, 0x0, 0xe, 0xfd, 0xf6, 0xf9, 0x44,
    0x44, 0x44, 0xdf, 0x0, 0x2b, 0xff, 0xff, 0xa6,
    0xf8, 0x22, 0x22, 0x22, 0xdf, 0x0, 0x1f, 0xef,
    0xf0, 0x5, 0xff, 0xff, 0xff, 0xff, 0xff, 0x0,
    0x3, 0xd, 0xf0, 0x1, 0x44, 0x45, 0xfd, 0x44,
    0x44, 0x0, 0x0, 0xd, 0xf0, 0x0, 0x0, 0x1,
    0xfc, 0x0, 0x0, 0x0, 0x0, 0xd, 0xf0, 0x7f,
    0xff, 0xff, 0xff, 0xff, 0xff, 0xf3, 0x0, 0xd,
    0xf0, 0x49, 0x99, 0x9a, 0xfe, 0x99, 0x99, 0x92,
    0x0, 0xd, 0xf0, 0x0, 0x0, 0x1, 0xfc, 0x0,
    0x0, 0x0, 0x1b, 0xbf, 0xe0, 0x0, 0x0, 0x1,
    0xfc, 0x0, 0x0, 0x0, 0xd, 0xfd, 0x50, 0x0,
    0x0, 0x1, 0xfc, 0x0, 0x0, 0x0, 0x0, 0x0,
    0x0, 0x0, 0x0, 0x0, 0x11, 0x0, 0x0, 0x0,

    /* U+63A5 "接" */
    0x0, 0xb, 0xc0, 0x0, 0x0, 0x3, 0x94, 0x0,
    0x0, 0x0, 0x0, 0xd, 0xe0, 0x0, 0x0, 0x1,
    0xfd, 0x0, 0x0, 0x0, 0x0, 0xd, 0xe0, 0x2,
    0xee, 0xee, 0xff, 0xee, 0xee, 0xb0, 0x0, 0xd,
    0xe0, 0x2, 0xbb, 0xcb, 0xbb, 0xbc, 0xbb, 0x80,
    0x1f, 0xff, 0xff, 0xb0, 0x8, 0xf2, 0x0, 0xf,
    0xc0, 0x0, 0xc, 0xcf, 0xfc, 0x90, 0x2, 0xfa,
    0x0, 0x7f, 0x60, 0x0, 0x0, 0xd, 0xe0, 0x0,
    0x0, 0xb9, 0x11, 0xee, 0x10, 0x0, 0x0, 0xd,
    0xe0, 0xd, 0xff, 0xff, 0xff, 0xff, 0xff, 0xf3,
    0x0, 0xd, 0xe0, 0x7, 0x99, 0x9c, 0xd9, 0x99,
    0x99, 0x92, 0x0, 0xd, 0xfa, 0x90, 0x0, 0xe,
    0xe0, 0x0, 0x0, 0x0, 0x2a, 0xef, 0xff, 0x9a,
    0xaa, 0xcf, 0xda, 0xaa, 0xaa, 0xa4, 0x2f, 0xef,
    0xe0, 0x2f, 0xff, 0xff, 0xff, 0xff, 0xff, 0xf6,
    0x3, 0xd, 0xe0, 0x0, 0xa, 0xf4, 0x0, 0xf,
    0xe0, 0x0, 0x0, 0xd, 0xe0, 0x0, 0x5f, 0xd0,
    0x0, 0x7f, 0x80, 0x0, 0x0, 0xd, 0xe0, 0x0,
    0xaf, 0xff, 0x95, 0xff, 0x10, 0x0, 0x0, 0xd,
    0xe0, 0x0, 0x2, 0x8e, 0xff, 0xf9, 0x0, 0x0,
    0x0, 0xd, 0xe0, 0x0, 0x1, 0x6c, 0xff, 0xff,
    0xc3, 0x0, 0x9, 0xcf, 0xc0, 0x3b, 0xef, 0xff,
    0x92, 0x4c, 0xff, 0x80, 0x7, 0xfc, 0x40, 0xe,
    0xc9, 0x51, 0x0, 0x0, 0x5d, 0x40, 0x0, 0x0,
    0x0, 0x0, 0x0, 0x0, 0x0, 0x0, 0x0, 0x0,

    /* U+63A7 "控" */
    0x0, 0xa, 0xb0, 0x0, 0x0, 0x1, 0x97, 0x0,
    0x0, 0x0, 0x0, 0xc, 0xe0, 0x0, 0x0, 0x0,
    0xef, 0x10, 0x0, 0x0, 0x0, 0xc, 0xe0, 0x4,
    0x66, 0x66, 0xcf, 0xa6, 0x66, 0x61, 0x0, 0xd,
    0xe0, 0x9, 0xff, 0xff, 0xff, 0xff, 0xff, 0xf3,
    0x1f, 0xff, 0xff, 0xd9, 0xf4, 0x22, 0x22, 0x22,
    0x2a, 0xf3, 0xb, 0xbf, 0xfb, 0x99, 0xf1, 0x3a,
    0x30, 0x65, 0x8, 0xe2, 0x0, 0xc, 0xe0, 0x0,
    0x2, 0xef, 0x30, 0xcf, 0x80, 0x0, 0x0, 0xc,
    0xe0, 0x0, 0x5e, 0xf4, 0x0, 0xa, 0xfb, 0x0,
    0x0, 0xc, 0xe0, 0x5, 0xfe, 0x40, 0x0, 0x0,
    0x9f, 0x90, 0x0, 0xc, 0xfb, 0xc0, 0x92, 0x0,
    0x0, 0x0, 0x6, 0x0, 0x6, 0xbf, 0xff, 0xb0,
    0xaf, 0xff, 0xff, 0xff, 0xff, 0x0, 0x2f, 0xff,
    0xf1, 0x0, 0x8b, 0xbb, 0xff, 0xbb, 0xbb, 0x0,
    0x8, 0x3d, 0xe0, 0x0, 0x0, 0x0, 0xdf, 0x10,
    0x0, 0x0, 0x0, 0xc, 0xe0, 0x0, 0x0, 0x0,
    0xdf, 0x10, 0x0, 0x0, 0x0, 0xc, 0xe0, 0x0,
    0x0, 0x0, 0xdf, 0x10, 0x0, 0x0, 0x0, 0xc,
    0xe0, 0x0, 0x0, 0x0, 0xdf, 0x10, 0x0, 0x0,
    0x0, 0xd, 0xe0, 0x3a, 0xaa, 0xaa, 0xff, 0xaa,
    0xaa, 0xa4, 0x9, 0xbf, 0xd0, 0x4f, 0xff, 0xff,
    0xff, 0xff, 0xff, 0xf7, 0x9, 0xfd, 0x40, 0x0,
    0x0, 0x0, 0x0, 0x0, 0x0, 0x0,

    /* U+63A8 "推" */
    0x0, 0xb, 0xd0, 0x0, 0x0, 0x95, 0x6, 0x50,
    0x0, 0x0, 0x0, 0xd, 0xf0, 0x0, 0x5, 0xf9,
    0x1e, 0xf1, 0x0, 0x0, 0x0, 0xd, 0xf0, 0x0,
    0xc, 0xf4, 0x8, 0xf8, 0x0, 0x0, 0x0, 0xd,
    0xf0, 0x0, 0x3f, 0xf5, 0x57, 0xf9, 0x55, 0x50,
    0x4f, 0xff, 0xff, 0xf2, 0xbf, 0xff, 0xff, 0xff,
    0xff, 0xf0, 0x3b, 0xbf, 0xfb, 0xb7, 0xff, 0xc5,
    0x5d, 0xf6, 0x55, 0x50, 0x0, 0xd, 0xf0, 0x3f,
    0xff, 0xa0, 0xb, 0xf1, 0x0, 0x0, 0x0, 0xd,
    0xf0, 0xef, 0xbf, 0xd9, 0x9e, 0xfa, 0x99, 0x60,
    0x0, 0xd, 0xf1, 0xba, 0x2f, 0xff, 0xff, 0xff,
    0xff, 0xb0, 0x0, 0x3e, 0xff, 0xf0, 0x2f, 0xb1,
    0x1b, 0xf2, 0x11, 0x0, 0x4e, 0xff, 0xfc, 0x70,
    0x2f, 0xa0, 0xb, 0xf1, 0x0, 0x0, 0x2f, 0xbe,
    0xf0, 0x0, 0x2f, 0xea, 0xae, 0xfa, 0xaa, 0x60,
    0x0, 0xd, 0xf0, 0x0, 0x2f, 0xff, 0xff, 0xff,
    0xff, 0xa0, 0x0, 0xd, 0xf0, 0x0, 0x2f, 0xa0,
    0xb, 0xf1, 0x0, 0x0, 0x0, 0xd, 0xf0, 0x0,
    0x2f, 0xa0, 0xb, 0xf1, 0x0, 0x0, 0x0, 0xd,
    0xf0, 0x0, 0x2f, 0xd9, 0x9d, 0xf9, 0x99, 0x93,
    0x0, 0xd, 0xf0, 0x0, 0x2f, 0xff, 0xff, 0xff,
    0xff, 0xf6, 0xb, 0xdf, 0xe0, 0x0, 0x2f, 0xb2,
    0x22, 0x22, 0x22, 0x20, 0x8, 0xfd, 0x40, 0x0,
    0x2f, 0xa0, 0x0, 0x0, 0x0, 0x0, 0x0, 0x0,
    0x0, 0x0, 0x0, 0x0, 0x0, 0x0, 0x0, 0x0,

    /* U+6478 "摸" */
    0x0, 0xc, 0xb0, 0x0, 0x1, 0xd8, 0x0, 0xad,
    0x10, 0x0, 0x0, 0xe, 0xd0, 0x5, 0x56, 0xfb,
    0x55, 0xdf, 0x65, 0x40, 0x0, 0xe, 0xd0, 0xe,
    0xff, 0xff, 0xff, 0xff, 0xff, 0xb0, 0x0, 0xe,
    0xd0, 0x3, 0x34, 0xfa, 0x33, 0xcf, 0x43, 0x20,
    0x1f, 0xff, 0xff, 0xd0, 0x2, 0xa6, 0x0, 0x7a,
    0x20, 0x0, 0xc, 0xcf, 0xfc, 0xb0, 0xff, 0xff,
    0xff, 0xff, 0xfa, 0x0, 0x0, 0xe, 0xd0, 0x0,
    0xfd, 0x44, 0x44, 0x46, 0xfa, 0x0, 0x0, 0xe,
    0xd0, 0x0, 0xfd, 0x55, 0x55, 0x56, 0xfa, 0x0,
    0x0, 0xe, 0xd0, 0x0, 0xff, 0xff, 0xff, 0xff,
    0xfa, 0x0, 0x0, 0xe, 0xea, 0xe0, 0xfc, 0x0,
    0x0, 0x2, 0xfa, 0x0, 0x2a, 0xef, 0xff, 0xb0,
    0xff, 0xff, 0xff, 0xff, 0xfa, 0x0, 0x1f, 0xff,
    0xd0, 0x0, 0x44, 0x47, 0xfb, 0x44, 0x43, 0x0,
    0x5, 0xe, 0xd0, 0x0, 0x0, 0x5, 0xf8, 0x0,
    0x0, 0x0, 0x0, 0xe, 0xd0, 0x3f, 0xff, 0xff,
    0xff, 0xff, 0xff, 0xc0, 0x0, 0xe, 0xd0, 0x28,
    0x88, 0x8f, 0xff, 0xe8, 0x88, 0x60, 0x0, 0xe,
    0xd0, 0x0, 0x0, 0x9f, 0x8a, 0xf8, 0x0, 0x0,
    0x0, 0xe, 0xd0, 0x0, 0x2a, 0xfd, 0x11, 0xdf,
    0x91, 0x0, 0xa, 0xbf, 0xb0, 0x5b, 0xff, 0xc1,
    0x0, 0x2d, 0xff, 0xa0, 0xa, 0xfc, 0x30, 0x3f,
    0xb5, 0x0, 0x0, 0x0, 0x8e, 0x80, 0x0, 0x0,
    0x0, 0x1, 0x0, 0x0, 0x0, 0x0, 0x0, 0x0,

    /* U+6570 "数" */
    0x0, 0x40, 0x1e, 0x90, 0x33, 0x0, 0x79, 0x0,
    0x0, 0x0, 0x3, 0xf8, 0x1f, 0xa0, 0xde, 0x10,
    0xdf, 0x0, 0x0, 0x0, 0x0, 0xbe, 0x1f, 0xa7,
    0xf4, 0x0, 0xfc, 0x0, 0x0, 0x0, 0x3, 0x8a,
    0x5f, 0xc6, 0x93, 0x24, 0xf9, 0x11, 0x11, 0x10,
    0xf, 0xff, 0xff, 0xff, 0xff, 0xa7, 0xff, 0xff,
    0xff, 0xf0, 0x4, 0x45, 0xff, 0xfc, 0x44, 0x2b,
    0xfb, 0xaa, 0xfe, 0xa0, 0x0, 0x2d, 0xff, 0xdf,
    0xe4, 0x1f, 0xf6, 0x2, 0xf9, 0x0, 0x7, 0xff,
    0x5f, 0xa2, 0xdb, 0x8f, 0xfb, 0x5, 0xf5, 0x0,
    0x1e, 0xd3, 0x1f, 0xa0, 0x13, 0xfe, 0xdf, 0x8,
    0xf2, 0x0, 0x3, 0x0, 0x89, 0x0, 0x3, 0xe6,
    0x7f, 0x4d, 0xf0, 0x0, 0x6, 0x89, 0xfe, 0x88,
    0x96, 0x20, 0x2f, 0xaf, 0xa0, 0x0, 0xa, 0xff,
    0xff, 0xff, 0xfb, 0x0, 0xc, 0xff, 0x30, 0x0,
    0x0, 0x2f, 0xb0, 0x7, 0xf4, 0x0, 0x7, 0xfd,
    0x0, 0x0, 0x0, 0xcf, 0x91, 0x3f, 0xc0, 0x0,
    0xa, 0xfe, 0x10, 0x0, 0x0, 0x3b, 0xff, 0xef,
    0x20, 0x0, 0x7f, 0xff, 0xb0, 0x0, 0x0, 0x0,
    0x9f, 0xff, 0x60, 0x6, 0xfe, 0x2c, 0xf8, 0x0,
    0x1, 0x6d, 0xfc, 0x6d, 0xc2, 0xbf, 0xe2, 0x1,
    0xef, 0xb1, 0x1f, 0xfd, 0x60, 0x0, 0x1c, 0xfc,
    0x20, 0x0, 0x2d, 0xf2, 0x4, 0x30, 0x0, 0x0,
    0x2, 0x70, 0x0, 0x0, 0x0, 0x30,

    /* U+65AF "斯" */
    0x0, 0x28, 0x40, 0x2, 0x84, 0x0, 0x0, 0x0,
    0x39, 0x40, 0x0, 0x3f, 0x70, 0x4, 0xf7, 0x0,
    0x26, 0x9e, 0xff, 0xa0, 0x7, 0xaf, 0xc9, 0x9b,
    0xfc, 0x76, 0xff, 0xea, 0x61, 0x0, 0xc, 0xff,
    0xff, 0xff, 0xff, 0xd6, 0xf7, 0x0, 0x0, 0x0,
    0x1, 0x4f, 0x81, 0x15, 0xf8, 0x16, 0xf5, 0x0,
    0x0, 0x0, 0x0, 0x3f, 0x81, 0x15, 0xf7, 0x6,
    0xf5, 0x0, 0x0, 0x0, 0x0, 0x3f, 0xff, 0xff,
    0xf7, 0x6, 0xf8, 0x33, 0x33, 0x30, 0x0, 0x3f,
    0xa5, 0x58, 0xf7, 0x6, 0xff, 0xff, 0xff, 0xf4,
    0x0, 0x3f, 0x80, 0x4, 0xf7, 0x6, 0xfb, 0x89,
    0xfd, 0x82, 0x0, 0x3f, 0xff, 0xff, 0xf7, 0x6,
    0xf5, 0x1, 0xfb, 0x0, 0x0, 0x3f, 0xb6, 0x69,
    0xf7, 0x7, 0xf5, 0x1, 0xfb, 0x0, 0x0, 0x3f,
    0x70, 0x4, 0xf7, 0x7, 0xf4, 0x1, 0xfb, 0x0,
    0xb, 0xcf, 0xdb, 0xbc, 0xfd, 0xa9, 0xf3, 0x1,
    0xfb, 0x0, 0x1f, 0xff, 0xff, 0xff, 0xff, 0xec,
    0xf0, 0x1, 0xfb, 0x0, 0x0, 0x6, 0x61, 0x17,
    0x10, 0xf, 0xe0, 0x1, 0xfb, 0x0, 0x0, 0x2f,
    0xe1, 0x4f, 0xc0, 0x6f, 0x80, 0x1, 0xfb, 0x0,
    0x0, 0xcf, 0x60, 0x9, 0xf7, 0xdf, 0x20, 0x1,
    0xfb, 0x0, 0xa, 0xfb, 0x0, 0x1, 0x9a, 0xfb,
    0x0, 0x1, 0xfb, 0x0, 0x1, 0x90, 0x0, 0x0,
    0x8, 0xe1, 0x0, 0x1, 0xfb, 0x0, 0x0, 0x0,
    0x0, 0x0, 0x0, 0x10, 0x0, 0x0, 0x0, 0x0,

    /* U+65B0 "新" */
    0x0, 0x0, 0x0, 0x0, 0x0, 0x0, 0x0, 0x0,
    0x0, 0x0, 0x0, 0x0, 0x8f, 0x20, 0x0, 0x0,
    0x0, 0x2, 0x75, 0x0, 0x0, 0x0, 0x4f, 0x90,
    0x0, 0x2, 0x69, 0xdf, 0xff, 0x40, 0xb, 0xff,
    0xff, 0xff, 0xff, 0x2e, 0xff, 0xd9, 0x50, 0x0,
    0x7, 0x9d, 0x99, 0x9c, 0xb9, 0x1e, 0xc0, 0x0,
    0x0, 0x0, 0x0, 0x7f, 0x30, 0xd, 0xe0, 0xe,
    0xc0, 0x0, 0x0, 0x0, 0x0, 0x3f, 0x80, 0x3f,
    0x90, 0xe, 0xc0, 0x0, 0x0, 0x0, 0x2, 0x2f,
    0x92, 0x8f, 0x62, 0x1e, 0xc0, 0x0, 0x0, 0x0,
    0x1f, 0xff, 0xff, 0xff, 0xff, 0x7e, 0xff, 0xff,
    0xff, 0xf3, 0x6, 0x66, 0x7f, 0xc6, 0x66, 0x3e,
    0xeb, 0xbe, 0xfb, 0xb2, 0x0, 0x0, 0x1f, 0x90,
    0x0, 0xf, 0xc0, 0xc, 0xf1, 0x0, 0xf, 0xff,
    0xff, 0xff, 0xff, 0x2f, 0xb0, 0xc, 0xf1, 0x0,
    0xa, 0xaa, 0xbf, 0xda, 0xaa, 0x3f, 0xb0, 0xc,
    0xf1, 0x0, 0x0, 0x34, 0x1f, 0x92, 0x60, 0x2f,
    0x90, 0xc, 0xf1, 0x0, 0x0, 0xcd, 0x1f, 0x99,
    0xf2, 0x3f, 0x70, 0xc, 0xf1, 0x0, 0x3, 0xf7,
    0x1f, 0x91, 0xf9, 0x5f, 0x50, 0xc, 0xf1, 0x0,
    0xd, 0xe1, 0x1f, 0x90, 0xaf, 0xaf, 0x10, 0xc,
    0xf1, 0x0, 0xb, 0x60, 0x1f, 0x90, 0x34, 0xed,
    0x0, 0xc, 0xf1, 0x0, 0x0, 0x6, 0xaf, 0x80,
    0x6, 0xf7, 0x0, 0xc, 0xf1, 0x0, 0x0, 0x8,
    0xfd, 0x20, 0x2, 0xb1, 0x0, 0xc, 0xf1, 0x0,
    0x0, 0x0, 0x0, 0x0, 0x0, 0x0, 0x0, 0x0,
    0x0, 0x0,

    /* U+65B9 "方" */
    0x0, 0x0, 0x0, 0x0, 0x0, 0x10, 0x0, 0x0,
    0x0, 0x0, 0x0, 0x0, 0x0, 0x2, 0xed, 0x0,
    0x0, 0x0, 0x0, 0x0, 0x0, 0x0, 0x0, 0xd,
    0xf6, 0x0, 0x0, 0x0, 0x0, 0x0, 0x0, 0x0,
    0x0, 0x6f, 0xa0, 0x0, 0x0, 0x0, 0x8, 0xbb,
    0xbb, 0xbb, 0xbc, 0xfb, 0xbb, 0xbb, 0xbb, 0xa0,
    0xbf, 0xff, 0xff, 0xff, 0xff, 0xff, 0xff, 0xff,
    0xfe, 0x0, 0x11, 0x11, 0x8f, 0xa1, 0x11, 0x11,
    0x11, 0x11, 0x10, 0x0, 0x0, 0x8, 0xf8, 0x0,
    0x0, 0x0, 0x0, 0x0, 0x0, 0x0, 0x0, 0xaf,
    0x70, 0x0, 0x0, 0x0, 0x0, 0x0, 0x0, 0x0,
    0xb, 0xfe, 0xcc, 0xcc, 0xcc, 0xcc, 0x0, 0x0,
    0x0, 0x0, 0xef, 0xff, 0xff, 0xff, 0xff, 0xd0,
    0x0, 0x0, 0x0, 0x1f, 0xf0, 0x0, 0x0, 0x2,
    0xfc, 0x0, 0x0, 0x0, 0x5, 0xfc, 0x0, 0x0,
    0x0, 0x3f, 0xb0, 0x0, 0x0, 0x0, 0xaf, 0x70,
    0x0, 0x0, 0x5, 0xfa, 0x0, 0x0, 0x0, 0x1f,
    0xf1, 0x0, 0x0, 0x0, 0x6f, 0x80, 0x0, 0x0,
    0xa, 0xfa, 0x0, 0x0, 0x0, 0x9, 0xf6, 0x0,
    0x0, 0x6, 0xff, 0x20, 0x0, 0x0, 0x0, 0xcf,
    0x30, 0x0, 0x6, 0xff, 0x50, 0x0, 0x0, 0x0,
    0x1f, 0xf0, 0x0, 0xa, 0xff, 0x80, 0x0, 0x6,
    0xdc, 0xcf, 0xfa, 0x0, 0x0, 0x5e, 0x50, 0x0,
    0x0, 0x1f, 0xff, 0xea, 0x10, 0x0, 0x0, 0x10,
    0x0, 0x0, 0x0, 0x0, 0x0, 0x0, 0x0, 0x0,

    /* U+65CB "旋" */
    0x0, 0x4, 0xa3, 0x0, 0x0, 0x3c, 0x60, 0x0,
    0x0, 0x0, 0x0, 0x4, 0xfc, 0x0, 0x0, 0x8f,
    0x60, 0x0, 0x0, 0x0, 0x0, 0x0, 0xcf, 0x30,
    0x0, 0xdf, 0x86, 0x66, 0x66, 0x61, 0x2b, 0xbb,
    0xdf, 0xcb, 0xb5, 0xff, 0xff, 0xff, 0xff, 0xf3,
    0x2f, 0xff, 0xff, 0xff, 0xfd, 0xf6, 0x44, 0x44,
    0x44, 0x41, 0x0, 0x3f, 0xa0, 0x0, 0xaf, 0xa0,
    0x0, 0x0, 0x0, 0x0, 0x0, 0x2f, 0xa0, 0x0,
    0x3d, 0xed, 0xdd, 0xdd, 0xde, 0xc0, 0x0, 0x3f,
    0xea, 0xaa, 0x22, 0xbb, 0xbf, 0xfb, 0xcf, 0xb0,
    0x0, 0x3f, 0xff, 0xff, 0x30, 0x0, 0xe, 0xc0,
    0x6f, 0x50, 0x0, 0x4f, 0x80, 0x8f, 0x30, 0x74,
    0xe, 0xc0, 0x8e, 0x0, 0x0, 0x5f, 0x60, 0x8f,
    0x21, 0xf8, 0xe, 0xc0, 0x0, 0x0, 0x0, 0x7f,
    0x50, 0x9f, 0x22, 0xf8, 0xe, 0xff, 0xff, 0x50,
    0x0, 0x8f, 0x30, 0x9f, 0x14, 0xf7, 0xe, 0xea,
    0xaa, 0x40, 0x0, 0xcf, 0x0, 0xaf, 0x15, 0xfa,
    0xe, 0xc0, 0x0, 0x0, 0x0, 0xfd, 0x0, 0xaf,
    0x7, 0xff, 0xe, 0xc0, 0x0, 0x0, 0x4, 0xf8,
    0x0, 0xcf, 0xc, 0xff, 0x9e, 0xc0, 0x0, 0x0,
    0xc, 0xf3, 0x0, 0xee, 0x2f, 0xa9, 0xff, 0xc0,
    0x0, 0x0, 0x4f, 0xc1, 0xac, 0xfb, 0xbf, 0x41,
    0xcf, 0xfc, 0xbb, 0xb4, 0x1c, 0x30, 0xef, 0xd3,
    0x59, 0x0, 0x7, 0xce, 0xff, 0xf1, 0x0, 0x0,
    0x0, 0x0, 0x0, 0x0, 0x0, 0x0, 0x0, 0x0,

    /* U+6700 "最" */
    0x0, 0x2, 0x33, 0x33, 0x33, 0x33, 0x33, 0x33,
    0x20, 0x0, 0x0, 0x8, 0xff, 0xff, 0xff, 0xff,
    0xff, 0xff, 0x90, 0x0, 0x0, 0x8, 0xf4, 0x0,
    0x0, 0x0, 0x0, 0x5f, 0x90, 0x0, 0x0, 0x8,
    0xff, 0xff, 0xff, 0xff, 0xff, 0xff, 0x90, 0x0,
    0x0, 0x8, 0xf7, 0x44, 0x44, 0x44, 0x44, 0x7f,
    0x90, 0x0, 0x0, 0x8, 0xf7, 0x44, 0x44, 0x44,
    0x44, 0x7f, 0x90, 0x0, 0x0, 0x8, 0xff, 0xff,
    0xff, 0xff, 0xff, 0xff, 0x90, 0x0, 0x0, 0x0,
    0x0, 0x0, 0x0, 0x0, 0x0, 0x0, 0x0, 0x0,
    0xf, 0xff, 0xff, 0xff, 0xff, 0xff, 0xff, 0xff,
    0xff, 0xf0, 0x7, 0x9f, 0xb7, 0x7a, 0xfb, 0x77,
    0x77, 0x77, 0x77, 0x70, 0x0, 0x3f, 0xb7, 0x79,
    0xf8, 0x68, 0x88, 0x88, 0x88, 0x20, 0x0, 0x3f,
    0xfe, 0xee, 0xf8, 0xbf, 0xff, 0xff, 0xff, 0x40,
    0x0, 0x3f, 0x81, 0x15, 0xf8, 0xd, 0xd0, 0x1,
    0xed, 0x0, 0x0, 0x3f, 0xff, 0xff, 0xf8, 0x5,
    0xf8, 0xb, 0xf5, 0x0, 0x0, 0x3f, 0xa4, 0x47,
    0xf8, 0x0, 0xbf, 0xcf, 0xa0, 0x0, 0x0, 0x4f,
    0xa5, 0x7b, 0xfe, 0x70, 0x1f, 0xff, 0x10, 0x0,
    0xf, 0xff, 0xff, 0xff, 0xfe, 0x63, 0xcf, 0xff,
    0xe6, 0x0, 0xd, 0xb9, 0x75, 0x35, 0xf8, 0xbf,
    0xf8, 0x19, 0xff, 0xf2, 0x0, 0x0, 0x0, 0x4,
    0xf8, 0x5a, 0x20, 0x0, 0x39, 0x80,

    /* U+675F "束" */
    0x0, 0x0, 0x0, 0x0, 0x7, 0x81, 0x0, 0x0,
    0x0, 0x0, 0x0, 0x0, 0x0, 0x0, 0xc, 0xf2,
    0x0, 0x0, 0x0, 0x0, 0x3, 0xcc, 0xcc, 0xcc,
    0xcf, 0xfd, 0xcc, 0xcc, 0xcc, 0x90, 0x4, 0xff,
    0xff, 0xff, 0xff, 0xff, 0xff, 0xff, 0xff, 0xc0,
    0x0, 0x0, 0x0, 0x0, 0xc, 0xf2, 0x0, 0x0,
    0x0, 0x0, 0x0, 0x0, 0x0, 0x0, 0xc, 0xf3,
    0x0, 0x0, 0x0, 0x0, 0x0, 0xf, 0xff, 0xff,
    0xff, 0xff, 0xff, 0xff, 0xf8, 0x0, 0x0, 0xf,
    0xf9, 0x99, 0x9e, 0xfb, 0x99, 0x9c, 0xf8, 0x0,
    0x0, 0xf, 0xd0, 0x0, 0xc, 0xf2, 0x0, 0x6,
    0xf8, 0x0, 0x0, 0xf, 0xd0, 0x0, 0xc, 0xf2,
    0x0, 0x6, 0xf8, 0x0, 0x0, 0xf, 0xfb, 0xbb,
    0xbf, 0xfc, 0xbb, 0xbd, 0xf8, 0x0, 0x0, 0xe,
    0xff, 0xff, 0xff, 0xff, 0xff, 0xff, 0xf7, 0x0,
    0x0, 0x0, 0x0, 0x5, 0xff, 0xff, 0xc0, 0x0,
    0x0, 0x0, 0x0, 0x0, 0x0, 0x7f, 0xee, 0xfb,
    0xfc, 0x10, 0x0, 0x0, 0x0, 0x0, 0x1b, 0xfd,
    0x2c, 0xf2, 0x8f, 0xe5, 0x0, 0x0, 0x0, 0x6,
    0xef, 0xc1, 0xc, 0xf2, 0x6, 0xff, 0xb3, 0x0,
    0x7, 0xef, 0xf9, 0x0, 0xc, 0xf2, 0x0, 0x4e,
    0xff, 0xb3, 0x7, 0xfb, 0x20, 0x0, 0xc, 0xf2,
    0x0, 0x1, 0x9f, 0xd1, 0x0, 0x30, 0x0, 0x0,
    0xc, 0xf2, 0x0, 0x0, 0x1, 0x20,

    /* U+677F "板" */
    0x0, 0x0, 0x85, 0x0, 0x0, 0x0, 0x0, 0x0,
    0x16, 0x10, 0x0, 0x1, 0xfa, 0x0, 0x1, 0x34,
    0x68, 0xad, 0xff, 0xc0, 0x0, 0x1, 0xfa, 0x0,
    0xf, 0xff, 0xff, 0xfe, 0xb8, 0x30, 0x0, 0x1,
    0xfa, 0x0, 0xf, 0xe6, 0x42, 0x10, 0x0, 0x0,
    0xb, 0xff, 0xff, 0xff, 0xf, 0xc0, 0x0, 0x0,
    0x0, 0x0, 0x8, 0xcd, 0xfe, 0xcb, 0xf, 0xc0,
    0x0, 0x0, 0x0, 0x0, 0x0, 0x6, 0xfd, 0x0,
    0x1f, 0xff, 0xff, 0xff, 0xff, 0xa0, 0x0, 0xb,
    0xff, 0x80, 0x1f, 0xef, 0xfa, 0xaa, 0xcf, 0x80,
    0x0, 0x1f, 0xff, 0xf2, 0x1f, 0xba, 0xf1, 0x0,
    0x8f, 0x50, 0x0, 0x5f, 0xfb, 0xec, 0x2f, 0xa5,
    0xf5, 0x0, 0xdf, 0x10, 0x0, 0xca, 0xfa, 0x79,
    0x3f, 0x91, 0xfb, 0x3, 0xfc, 0x0, 0x3, 0xf5,
    0xfa, 0x0, 0x5f, 0x70, 0xbf, 0x2a, 0xf5, 0x0,
    0xc, 0xe1, 0xfa, 0x0, 0x8f, 0x40, 0x4f, 0xcf,
    0xd0, 0x0, 0x1f, 0x61, 0xfa, 0x0, 0xcf, 0x20,
    0xc, 0xff, 0x50, 0x0, 0x8, 0x1, 0xfa, 0x0,
    0xfd, 0x0, 0xb, 0xff, 0x20, 0x0, 0x0, 0x1,
    0xfa, 0x6, 0xf8, 0x0, 0xaf, 0xff, 0xe2, 0x0,
    0x0, 0x1, 0xfa, 0xe, 0xf3, 0x3c, 0xfd, 0x2b,
    0xfe, 0x50, 0x0, 0x1, 0xfa, 0x7f, 0xb5, 0xff,
    0xc1, 0x0, 0xbf, 0xf9, 0x0, 0x1, 0xfa, 0x2c,
    0x20, 0xc6, 0x0, 0x0, 0x5, 0xd1, 0x0, 0x0,
    0x0, 0x0, 0x0, 0x0, 0x0, 0x0, 0x0, 0x0,

    /* U+6807 "标" */
    0x0, 0x0, 0x86, 0x0, 0x0, 0x0, 0x0, 0x0,
    0x0, 0x0, 0x0, 0x1, 0xfc, 0x0, 0x8, 0xbb,
    0xbb, 0xbb, 0xbb, 0x0, 0x0, 0x1, 0xfc, 0x0,
    0xc, 0xff, 0xff, 0xff, 0xff, 0x0, 0x0, 0x1,
    0xfc, 0x0, 0x0, 0x0, 0x0, 0x0, 0x0, 0x0,
    0xe, 0xef, 0xff, 0xee, 0x40, 0x0, 0x0, 0x0,
    0x0, 0x0, 0xf, 0xff, 0xff, 0xff, 0x40, 0x0,
    0x0, 0x0, 0x0, 0x0, 0x0, 0xa, 0xfd, 0x0,
    0x7b, 0xbb, 0xbb, 0xbb, 0xbb, 0xb1, 0x0, 0xf,
    0xff, 0x90, 0xaf, 0xff, 0xff, 0xff, 0xff, 0xf1,
    0x0, 0x5f, 0xff, 0xf5, 0x0, 0x0, 0x8f, 0x60,
    0x0, 0x0, 0x0, 0xae, 0xfc, 0xbf, 0x10, 0x0,
    0x8f, 0x60, 0x0, 0x0, 0x2, 0xf9, 0xfc, 0x2d,
    0x5, 0x80, 0x8f, 0x63, 0xa2, 0x0, 0xa, 0xf3,
    0xfc, 0x1, 0xc, 0xe0, 0x8f, 0x64, 0xf8, 0x0,
    0x3f, 0xb1, 0xfc, 0x0, 0x1f, 0x90, 0x8f, 0x60,
    0xee, 0x0, 0x2f, 0x31, 0xfc, 0x0, 0x6f, 0x40,
    0x8f, 0x60, 0x8f, 0x50, 0x4, 0x1, 0xfc, 0x0,
    0xde, 0x0, 0x8f, 0x60, 0x3f, 0xa0, 0x0, 0x1,
    0xfc, 0x5, 0xf7, 0x0, 0x8f, 0x60, 0xe, 0xe0,
    0x0, 0x1, 0xfc, 0x5, 0xd0, 0x0, 0x9f, 0x60,
    0xa, 0xe1, 0x0, 0x1, 0xfc, 0x0, 0x0, 0xce,
    0xff, 0x40, 0x1, 0x0, 0x0, 0x1, 0xfc, 0x0,
    0x0, 0x9f, 0xe9, 0x0, 0x0, 0x0,

    /* U+6E38 "游" */
    0x0, 0x71, 0x0, 0x9, 0xc0, 0x0, 0x8, 0xa2,
    0x0, 0x0, 0x5, 0xff, 0x60, 0xa, 0xf9, 0x0,
    0xd, 0xf0, 0x0, 0x0, 0x0, 0x6f, 0xf5, 0x1,
    0xfd, 0x0, 0x1f, 0xe5, 0x55, 0x51, 0x0, 0x2,
    0x8b, 0xcc, 0xec, 0xcc, 0x8f, 0xff, 0xff, 0xf4,
    0x0, 0x0, 0xe, 0xff, 0xff, 0xff, 0xef, 0x76,
    0x66, 0x61, 0x2, 0x0, 0x0, 0x3f, 0x70, 0x5,
    0xfb, 0x0, 0x0, 0x0, 0x1e, 0xe8, 0x0, 0x4f,
    0x70, 0x3, 0xce, 0xcc, 0xcc, 0x90, 0x6, 0xef,
    0xa0, 0x5f, 0xca, 0xa7, 0xc, 0xcc, 0xff, 0xa0,
    0x0, 0x8, 0x10, 0x5f, 0xff, 0xfb, 0x0, 0x8,
    0xfb, 0x0, 0x0, 0x0, 0x0, 0x7f, 0x51, 0xfb,
    0x0, 0x1f, 0xd0, 0x0, 0x0, 0x0, 0x0, 0x8f,
    0x20, 0xfa, 0x0, 0x1f, 0xa0, 0x0, 0x0, 0xb,
    0x50, 0xaf, 0x1, 0xf9, 0xef, 0xff, 0xff, 0xf4,
    0x0, 0x2f, 0xb0, 0xde, 0x1, 0xf9, 0xbb, 0xcf,
    0xeb, 0xb3, 0x0, 0x7f, 0x61, 0xfa, 0x2, 0xf8,
    0x0, 0x1f, 0xa0, 0x0, 0x0, 0xcf, 0x15, 0xf7,
    0x3, 0xf7, 0x0, 0x1f, 0xa0, 0x0, 0x2, 0xfc,
    0xa, 0xf1, 0x5, 0xf6, 0x0, 0x1f, 0xa0, 0x0,
    0x8, 0xf7, 0x4f, 0xb0, 0x7, 0xf4, 0x0, 0x1f,
    0xa0, 0x0, 0xe, 0xf2, 0xdf, 0x48, 0xae, 0xf1,
    0x48, 0x9f, 0x90, 0x0, 0x4, 0x90, 0x69, 0x8,
    0xfe, 0x70, 0x3f, 0xfe, 0x30, 0x0, 0x0, 0x0,
    0x0, 0x0, 0x0, 0x0, 0x2, 0x20, 0x0, 0x0,

    /* U+6ED1 "滑" */
    0x0, 0x15, 0x0, 0x0, 0x22, 0x22, 0x22, 0x22,
    0x20, 0x0, 0x0, 0xcf, 0xa0, 0x1, 0xff, 0xff,
    0xff, 0xff, 0xf0, 0x0, 0x0, 0x2d, 0xfd, 0x21,
    0xfc, 0x44, 0x44, 0x4d, 0xf0, 0x0, 0x0, 0x0,
    0xbf, 0x31, 0xfb, 0x44, 0x42, 0xc, 0xf0, 0x0,
    0x0, 0x0, 0x3, 0x1, 0xff, 0xee, 0xf8, 0xc,
    0xf0, 0x0, 0x0, 0x0, 0x0, 0x1, 0xfa, 0x0,
    0xf8, 0xc, 0xf0, 0x0, 0x8, 0xd5, 0x1, 0xff,
    0xff, 0xff, 0xff, 0xff, 0xff, 0xf0, 0x8, 0xff,
    0xb2, 0xfd, 0x88, 0x88, 0x88, 0x88, 0x8e, 0xf0,
    0x0, 0x2c, 0xe2, 0xfa, 0x11, 0x11, 0x11, 0x11,
    0x1c, 0xf0, 0x0, 0x0, 0x20, 0x99, 0xff, 0xff,
    0xff, 0xff, 0xf8, 0x90, 0x0, 0x0, 0x0, 0x3,
    0xfb, 0x55, 0x55, 0x5d, 0xf1, 0x0, 0x0, 0x0,
    0x77, 0x3, 0xfb, 0x66, 0x66, 0x6d, 0xf1, 0x0,
    0x0, 0x0, 0xef, 0x13, 0xff, 0xff, 0xff, 0xff,
    0xf1, 0x0, 0x0, 0x6, 0xfa, 0x3, 0xf8, 0x0,
    0x0, 0xb, 0xf1, 0x0, 0x0, 0xd, 0xf3, 0x3,
    0xff, 0xff, 0xff, 0xff, 0xf1, 0x0, 0x0, 0x6f,
    0xc0, 0x3, 0xfb, 0x66, 0x66, 0x6d, 0xf1, 0x0,
    0x0, 0xef, 0x40, 0x3, 0xf8, 0x0, 0x0, 0xb,
    0xf1, 0x0, 0x3, 0xfc, 0x0, 0x3, 0xf8, 0x0,
    0x7, 0x7e, 0xf0, 0x0, 0x0, 0x23, 0x0, 0x3,
    0xf8, 0x0, 0xa, 0xfe, 0x80, 0x0, 0x0, 0x0,
    0x0, 0x0, 0x0, 0x0, 0x0, 0x0, 0x0, 0x0,

    /* U+70B9 "点" */
    0x0, 0x0, 0x0, 0x0, 0xc, 0xa0, 0x0, 0x0,
    0x0, 0x0, 0x0, 0x0, 0x0, 0x0, 0x1f, 0xd0,
    0x0, 0x0, 0x0, 0x0, 0x0, 0x0, 0x0, 0x0,
    0x1f, 0xff, 0xff, 0xff, 0xff, 0x40, 0x0, 0x0,
    0x0, 0x0, 0x1f, 0xfd, 0xdd, 0xdd, 0xdd, 0x30,
    0x0, 0x0, 0x0, 0x0, 0x1f, 0xd0, 0x0, 0x0,
    0x0, 0x0, 0x0, 0x0, 0x0, 0x0, 0x1f, 0xd0,
    0x0, 0x0, 0x0, 0x0, 0x0, 0xa, 0xcc, 0xcc,
    0xdf, 0xfc, 0xcc, 0xcc, 0xa0, 0x0, 0x0, 0xc,
    0xff, 0xff, 0xff, 0xff, 0xff, 0xff, 0xd0, 0x0,
    0x0, 0xc, 0xf0, 0x0, 0x0, 0x0, 0x0, 0x1f,
    0xd0, 0x0, 0x0, 0xc, 0xf0, 0x0, 0x0, 0x0,
    0x0, 0x1f, 0xd0, 0x0, 0x0, 0xc, 0xf0, 0x0,
    0x0, 0x0, 0x0, 0x1f, 0xd0, 0x0, 0x0, 0xc,
    0xff, 0xff, 0xff, 0xff, 0xff, 0xff, 0xd0, 0x0,
    0x0, 0x9, 0xcc, 0xcc, 0xcc, 0xcc, 0xcc, 0xcc,
    0xa0, 0x0, 0x0, 0x1, 0x0, 0x0, 0x0, 0x0,
    0x0, 0x0, 0x20, 0x0, 0x0, 0x1e, 0xd0, 0x3a,
    0x50, 0x1b, 0x90, 0xd, 0xf2, 0x0, 0x0, 0x8f,
    0x80, 0x3f, 0xa0, 0xd, 0xf1, 0x5, 0xfc, 0x0,
    0x3, 0xff, 0x10, 0x1f, 0xc0, 0x7, 0xf7, 0x0,
    0xbf, 0x60, 0x1e, 0xf5, 0x0, 0xf, 0xe0, 0x2,
    0xfd, 0x0, 0x3f, 0xe0, 0x2, 0x60, 0x0, 0x7,
    0x50, 0x0, 0x51, 0x0, 0x5, 0x10,

    /* U+7403 "球" */
    0x0, 0x0, 0x0, 0x0, 0x0, 0x0, 0x68, 0x1,
    0x10, 0x0, 0x17, 0x77, 0x77, 0x70, 0x0, 0x0,
    0xbf, 0x1c, 0xf5, 0x0, 0x2f, 0xff, 0xff, 0xf1,
    0x0, 0x0, 0xbf, 0x10, 0xae, 0x10, 0x0, 0xe,
    0xe0, 0x5, 0xaa, 0xaa, 0xef, 0xba, 0xac, 0xa2,
    0x0, 0xe, 0xd0, 0x7, 0xff, 0xff, 0xff, 0xff,
    0xff, 0xf2, 0x0, 0xe, 0xd0, 0x0, 0x0, 0x0,
    0xcf, 0x10, 0x0, 0x0, 0x0, 0xe, 0xd0, 0x0,
    0x64, 0x0, 0xbf, 0x30, 0x9, 0x20, 0xc, 0xcf,
    0xfc, 0x91, 0xee, 0x0, 0xbf, 0x60, 0x7f, 0xa0,
    0xf, 0xff, 0xff, 0xb0, 0x6f, 0x80, 0xbf, 0x93,
    0xfe, 0x10, 0x0, 0xe, 0xd0, 0x0, 0xd, 0xf0,
    0xbf, 0xed, 0xf3, 0x0, 0x0, 0xe, 0xd0, 0x0,
    0x5, 0x61, 0xef, 0xff, 0x50, 0x0, 0x0, 0xe,
    0xd0, 0x0, 0x0, 0x2d, 0xff, 0xfc, 0x0, 0x0,
    0x0, 0xe, 0xd0, 0x0, 0x3, 0xef, 0xef, 0xcf,
    0x40, 0x0, 0x0, 0xe, 0xe5, 0xa3, 0x4f, 0xf4,
    0xbf, 0x3f, 0xe0, 0x0, 0x2, 0x7f, 0xff, 0xfb,
    0xff, 0x50, 0xbf, 0x18, 0xfc, 0x10, 0x5f, 0xff,
    0xd8, 0x4f, 0xf5, 0x0, 0xbf, 0x10, 0xbf, 0xd1,
    0x2d, 0x72, 0x0, 0x7, 0x40, 0x0, 0xcf, 0x10,
    0xa, 0xf3, 0x0, 0x0, 0x0, 0x0, 0x5, 0xcc,
    0xff, 0x0, 0x0, 0x30, 0x0, 0x0, 0x0, 0x0,
    0x1, 0xff, 0xd5, 0x0, 0x0, 0x0, 0x0, 0x0,
    0x0, 0x0, 0x0, 0x0, 0x0, 0x0, 0x0, 0x0,

    /* U+751F "生" */
    0x0, 0x0, 0x55, 0x10, 0xd, 0xe0, 0x0, 0x0,
    0x0, 0x0, 0x0, 0x0, 0xef, 0x30, 0xe, 0xf0,
    0x0, 0x0, 0x0, 0x0, 0x0, 0x4, 0xfe, 0x0,
    0xe, 0xf0, 0x0, 0x0, 0x0, 0x0, 0x0, 0x9,
    0xf9, 0x0, 0xf, 0xf0, 0x0, 0x0, 0x0, 0x0,
    0x0, 0xf, 0xff, 0xff, 0xff, 0xff, 0xff, 0xff,
    0xff, 0x0, 0x0, 0x8f, 0xec, 0xcc, 0xcf, 0xfc,
    0xcc, 0xcc, 0xcc, 0x0, 0x2, 0xff, 0x20, 0x0,
    0xe, 0xf0, 0x0, 0x0, 0x0, 0x0, 0xd, 0xf9,
    0x0, 0x0, 0xe, 0xf0, 0x0, 0x0, 0x0, 0x0,
    0x4, 0xc0, 0x0, 0x0, 0xe, 0xf0, 0x0, 0x0,
    0x0, 0x0, 0x0, 0x0, 0x0, 0x0, 0xf, 0xf0,
    0x0, 0x0, 0x0, 0x0, 0x0, 0xb, 0xff, 0xff,
    0xff, 0xff, 0xff, 0xff, 0xf4, 0x0, 0x0, 0x8,
    0xcc, 0xcc, 0xcf, 0xfc, 0xcc, 0xcc, 0xc3, 0x0,
    0x0, 0x0, 0x0, 0x0, 0xe, 0xf0, 0x0, 0x0,
    0x0, 0x0, 0x0, 0x0, 0x0, 0x0, 0xe, 0xf0,
    0x0, 0x0, 0x0, 0x0, 0x0, 0x0, 0x0, 0x0,
    0xe, 0xf0, 0x0, 0x0, 0x0, 0x0, 0x0, 0x0,
    0x0, 0x0, 0xe, 0xf0, 0x0, 0x0, 0x0, 0x0,
    0xb, 0xcc, 0xcc, 0xcc, 0xcf, 0xfc, 0xcc, 0xcc,
    0xcc, 0xc0, 0xe, 0xff, 0xff, 0xff, 0xff, 0xff,
    0xff, 0xff, 0xff, 0xf0, 0x0, 0x0, 0x0, 0x0,
    0x0, 0x0, 0x0, 0x0, 0x0, 0x0,

    /* U+76EE "目" */
    0xcc, 0xcc, 0xcc, 0xcc, 0xcc, 0xcc, 0xcb, 0xff,
    0xff, 0xff, 0xff, 0xff, 0xff, 0xfe, 0xfe, 0x0,
    0x0, 0x0, 0x0, 0x1, 0xfe, 0xfe, 0x0, 0x0,
    0x0, 0x0, 0x1, 0xfe, 0xfe, 0x0, 0x0, 0x0,
    0x0, 0x1, 0xfe, 0xff, 0xff, 0xff, 0xff, 0xff,
    0xff, 0xfe, 0xff, 0xcc, 0xcc, 0xcc, 0xcc, 0xcc,
    0xfe, 0xfe, 0x0, 0x0, 0x0, 0x0, 0x1, 0xfe,
    0xfe, 0x0, 0x0, 0x0, 0x0, 0x1, 0xfe, 0xfe,
    0x11, 0x11, 0x11, 0x11, 0x13, 0xfe, 0xff, 0xff,
    0xff, 0xff, 0xff, 0xff, 0xfe, 0xff, 0xaa, 0xaa,
    0xaa, 0xaa, 0xab, 0xfe, 0xfe, 0x0, 0x0, 0x0,
    0x0, 0x1, 0xfe, 0xfe, 0x0, 0x0, 0x0, 0x0,
    0x1, 0xfe, 0xff, 0xcc, 0xcc, 0xcc, 0xcc, 0xcd,
    0xfe, 0xff, 0xff, 0xff, 0xff, 0xff, 0xff, 0xfe,
    0xfe, 0x0, 0x0, 0x0, 0x0, 0x1, 0xfe, 0xfe,
    0x0, 0x0, 0x0, 0x0, 0x1, 0xfe,

    /* U+76F4 "直" */
    0x0, 0x0, 0x0, 0x0, 0x1a, 0x80, 0x0, 0x0,
    0x0, 0x0, 0x0, 0x0, 0x0, 0x0, 0x3f, 0xd0,
    0x0, 0x0, 0x0, 0x0, 0x8, 0xff, 0xff, 0xff,
    0xff, 0xff, 0xff, 0xff, 0xff, 0x90, 0x5, 0x99,
    0x99, 0x99, 0xcf, 0xc9, 0x99, 0x99, 0x99, 0x50,
    0x0, 0x0, 0x0, 0x0, 0x9f, 0x50, 0x0, 0x0,
    0x0, 0x0, 0x0, 0x5, 0xff, 0xff, 0xff, 0xff,
    0xff, 0xff, 0x70, 0x0, 0x0, 0x5, 0xfb, 0x88,
    0x88, 0x88, 0x88, 0xbf, 0x70, 0x0, 0x0, 0x5,
    0xf9, 0x44, 0x44, 0x44, 0x44, 0x9f, 0x70, 0x0,
    0x0, 0x5, 0xff, 0xff, 0xff, 0xff, 0xff, 0xff,
    0x70, 0x0, 0x0, 0x5, 0xf8, 0x22, 0x22, 0x22,
    0x22, 0x8f, 0x70, 0x0, 0x0, 0x5, 0xfb, 0x77,
    0x77, 0x77, 0x77, 0xbf, 0x70, 0x0, 0x0, 0x5,
    0xff, 0xff, 0xff, 0xff, 0xff, 0xff, 0x70, 0x0,
    0x0, 0x5, 0xf7, 0x0, 0x0, 0x0, 0x0, 0x6f,
    0x70, 0x0, 0x0, 0x5, 0xfb, 0x77, 0x77, 0x77,
    0x77, 0xbf, 0x70, 0x0, 0x0, 0x5, 0xff, 0xff,
    0xff, 0xff, 0xff, 0xff, 0x70, 0x0, 0x0, 0x5,
    0xf7, 0x0, 0x0, 0x0, 0x0, 0x6f, 0x70, 0x0,
    0x1b, 0xbc, 0xfd, 0xbb, 0xbb, 0xbb, 0xbb, 0xdf,
    0xdb, 0xb1, 0x1f, 0xff, 0xff, 0xff, 0xff, 0xff,
    0xff, 0xff, 0xff, 0xf2, 0x0, 0x0, 0x0, 0x0,
    0x0, 0x0, 0x0, 0x0, 0x0, 0x0,

    /* U+7816 "砖" */
    0x0, 0x0, 0x0, 0x0, 0x0, 0x0, 0x9c, 0x20,
    0x0, 0x0, 0x1e, 0xee, 0xee, 0xee, 0x10, 0x0,
    0xef, 0x0, 0x0, 0x0, 0x1d, 0xdf, 0xfd, 0xdd,
    0x5a, 0xab, 0xff, 0xaa, 0xaa, 0x70, 0x0, 0xf,
    0xd0, 0x0, 0x6f, 0xff, 0xff, 0xff, 0xff, 0xa0,
    0x0, 0x3f, 0x90, 0x0, 0x0, 0xb, 0xf3, 0x0,
    0x0, 0x0, 0x0, 0x7f, 0x40, 0x0, 0x0, 0xf,
    0xe0, 0x0, 0x0, 0x0, 0x0, 0xbf, 0x0, 0x3,
    0xdd, 0xdf, 0xfd, 0xdd, 0xdd, 0xd3, 0x1, 0xff,
    0xbb, 0xb9, 0xee, 0xff, 0xfe, 0xee, 0xee, 0xe3,
    0x8, 0xff, 0xff, 0xf8, 0x0, 0xef, 0x0, 0x0,
    0x0, 0x0, 0x1f, 0xfc, 0x1, 0xf8, 0x3, 0xfc,
    0x0, 0x0, 0x0, 0x0, 0x5f, 0xfc, 0x1, 0xf8,
    0x9, 0xff, 0xff, 0xff, 0xfe, 0x30, 0xc, 0xdc,
    0x1, 0xf8, 0xa, 0xbb, 0xbb, 0xbf, 0xfb, 0x0,
    0x0, 0xcc, 0x1, 0xf8, 0x0, 0x0, 0x0, 0x8f,
    0xc0, 0x0, 0x0, 0xcc, 0x1, 0xf8, 0x0, 0x85,
    0x8, 0xfd, 0x10, 0x0, 0x0, 0xce, 0xaa, 0xf8,
    0x3, 0xff, 0xdf, 0xd1, 0x0, 0x0, 0x0, 0xcf,
    0xff, 0xf8, 0x0, 0x2b, 0xff, 0x90, 0x0, 0x0,
    0x0, 0xcc, 0x0, 0x0, 0x0, 0x0, 0x6f, 0xfc,
    0x10, 0x0, 0x0, 0x99, 0x0, 0x0, 0x0, 0x0,
    0x3, 0xdf, 0x70, 0x0, 0x0, 0x0, 0x0, 0x0,
    0x0, 0x0, 0x0, 0x19, 0x0, 0x0,

    /* U+79FB "移" */
    0x0, 0x0, 0x4, 0x91, 0x0, 0x0, 0x9b, 0x30,
    0x0, 0x0, 0x3, 0x7a, 0xef, 0xf9, 0x0, 0x7,
    0xfc, 0x0, 0x0, 0x0, 0xb, 0xff, 0xfc, 0x30,
    0x0, 0x8f, 0xff, 0xff, 0xfd, 0x10, 0x2, 0x23,
    0xf8, 0x0, 0x2b, 0xfc, 0x88, 0x8c, 0xfa, 0x0,
    0x0, 0x3, 0xf8, 0x3, 0xff, 0x85, 0x0, 0x4f,
    0xe1, 0x0, 0x0, 0x3, 0xf9, 0x0, 0x74, 0x7f,
    0xc6, 0xff, 0x50, 0x0, 0x2f, 0xff, 0xff, 0xfe,
    0x0, 0x8, 0xff, 0xe3, 0x0, 0x0, 0x1b, 0xbe,
    0xfe, 0xba, 0x3, 0x9f, 0xfe, 0x61, 0x0, 0x0,
    0x0, 0xe, 0xfd, 0x1, 0xef, 0xfc, 0x5c, 0xf5,
    0x0, 0x0, 0x0, 0x5f, 0xff, 0xb0, 0x78, 0x20,
    0xaf, 0xfa, 0xaa, 0x80, 0x0, 0xbf, 0xfc, 0xf8,
    0x0, 0xa, 0xff, 0xff, 0xff, 0xe0, 0x2, 0xf9,
    0xf8, 0xab, 0x3, 0xdf, 0xa0, 0x0, 0x8f, 0x70,
    0xa, 0xf4, 0xf8, 0x21, 0xaf, 0xf8, 0x50, 0x2,
    0xfe, 0x0, 0x4f, 0x83, 0xf8, 0x0, 0x8c, 0x28,
    0xfc, 0x3e, 0xf6, 0x0, 0x1e, 0x13, 0xf8, 0x0,
    0x0, 0x0, 0x8f, 0xff, 0x70, 0x0, 0x2, 0x3,
    0xf8, 0x0, 0x0, 0x1, 0x8f, 0xf7, 0x0, 0x0,
    0x0, 0x3, 0xf8, 0x0, 0x2, 0x7e, 0xfd, 0x40,
    0x0, 0x0, 0x0, 0x3, 0xf8, 0x5, 0xdf, 0xff,
    0x70, 0x0, 0x0, 0x0, 0x0, 0x3, 0xf8, 0x2,
    0xea, 0x50, 0x0, 0x0, 0x0, 0x0, 0x0, 0x0,
    0x0, 0x0, 0x0, 0x0, 0x0, 0x0, 0x0, 0x0,

    /* U+7A7F "穿" */
    0x0, 0x0, 0x0, 0x0, 0x0, 0x0, 0x0, 0x0,
    0x0, 0x0, 0x0, 0x0, 0x0, 0x8, 0xe3, 0x0,
    0x0, 0x0, 0x0, 0x0, 0x0, 0x0, 0x0, 0x6f,
    0xc0, 0x0, 0x0, 0x0, 0x0, 0xaf, 0xff, 0xff,
    0xff, 0xff, 0xff, 0xff, 0xff, 0xf2, 0xb, 0xfb,
    0xaa, 0xaa, 0xaa, 0xaa, 0xaa, 0xaa, 0xef, 0x20,
    0xbf, 0x20, 0x5, 0x91, 0x0, 0x48, 0x10, 0xc,
    0xf2, 0x4, 0x61, 0x4c, 0xfc, 0x20, 0x9, 0xff,
    0xb3, 0x56, 0x0, 0x18, 0xef, 0xf7, 0x0, 0x0,
    0x2, 0x9f, 0xfb, 0x20, 0x0, 0xdf, 0x91, 0x0,
    0x0, 0x0, 0x0, 0x2b, 0xf2, 0x0, 0x6, 0xff,
    0xff, 0xff, 0xff, 0xff, 0xff, 0xff, 0x90, 0x0,
    0x39, 0x99, 0x99, 0x99, 0x99, 0xff, 0x99, 0x95,
    0x0, 0x0, 0x9f, 0x40, 0x0, 0x0, 0xe, 0xf0,
    0x0, 0x0, 0x0, 0xd, 0xf1, 0x0, 0x0, 0x0,
    0xef, 0x0, 0x0, 0x0, 0x1, 0xff, 0xff, 0xff,
    0xff, 0xff, 0xff, 0xff, 0xf2, 0x0, 0x29, 0x99,
    0x99, 0x9e, 0xfe, 0xff, 0x99, 0x99, 0x10, 0x0,
    0x0, 0x0, 0x5d, 0xfa, 0x1e, 0xf0, 0x0, 0x0,
    0x0, 0x0, 0x49, 0xef, 0xd5, 0x0, 0xef, 0x0,
    0x0, 0x1, 0x8c, 0xff, 0xfc, 0x50, 0x0, 0xe,
    0xf0, 0x0, 0x0, 0xb, 0xfd, 0x82, 0x0, 0x7,
    0xbb, 0xfd, 0x0, 0x0, 0x0, 0x11, 0x0, 0x0,
    0x0, 0x5f, 0xfc, 0x40, 0x0, 0x0,

    /* U+7B49 "等" */
    0x0, 0x1, 0x0, 0x0, 0x0, 0x1, 0x0, 0x0,
    0x0, 0x0, 0x0, 0xb, 0xf3, 0x0, 0x0, 0xb,
    0xf3, 0x0, 0x0, 0x0, 0x0, 0x3f, 0xf8, 0x88,
    0x86, 0x3f, 0xf8, 0x88, 0x88, 0x80, 0x0, 0xcf,
    0xff, 0xff, 0xfd, 0xdf, 0xff, 0xff, 0xff, 0xf0,
    0x9, 0xfa, 0x4f, 0x90, 0xb, 0xfb, 0xa, 0xf6,
    0x0, 0x0, 0x3f, 0xe1, 0xd, 0xe0, 0x1e, 0xf1,
    0x1, 0xfd, 0x0, 0x0, 0x3, 0x30, 0x4, 0x10,
    0xf, 0xf0, 0x0, 0x51, 0x0, 0x0, 0x0, 0x1f,
    0xff, 0xff, 0xff, 0xff, 0xff, 0xff, 0xf4, 0x0,
    0x0, 0x8, 0x88, 0x88, 0x8f, 0xf8, 0x88, 0x88,
    0x82, 0x0, 0x0, 0x0, 0x0, 0x0, 0xf, 0xf0,
    0x0, 0x0, 0x0, 0x0, 0x1f, 0xff, 0xff, 0xff,
    0xff, 0xff, 0xff, 0xff, 0xff, 0xf2, 0xa, 0xaa,
    0xaa, 0xaa, 0xaa, 0xaa, 0xaf, 0xfa, 0xaa, 0xa1,
    0x0, 0x0, 0x0, 0x0, 0x0, 0x0, 0xf, 0xf0,
    0x0, 0x0, 0x4, 0xaa, 0xaa, 0xaa, 0xaa, 0xaa,
    0xaf, 0xfa, 0xaa, 0x60, 0x5, 0xff, 0xff, 0xff,
    0xff, 0xff, 0xff, 0xff, 0xff, 0x80, 0x0, 0x0,
    0x3e, 0xa0, 0x0, 0x0, 0xf, 0xf0, 0x0, 0x0,
    0x0, 0x0, 0x1c, 0xfc, 0x0, 0x0, 0xf, 0xf0,
    0x0, 0x0, 0x0, 0x0, 0x0, 0xbf, 0xb0, 0x0,
    0xf, 0xf0, 0x0, 0x0, 0x0, 0x0, 0x0, 0xc,
    0x50, 0xbb, 0xcf, 0xd0, 0x0, 0x0, 0x0, 0x0,
    0x0, 0x0, 0x0, 0xaf, 0xfc, 0x40, 0x0, 0x0,
    0x0, 0x0, 0x0, 0x0, 0x0, 0x0, 0x0, 0x0,
    0x0, 0x0,

    /* U+7EA7 "级" */
    0x0, 0x0, 0x0, 0x0, 0x0, 0x0, 0x0, 0x0,
    0x0, 0x0, 0x0, 0x0, 0xc9, 0x0, 0x0, 0x0,
    0x0, 0x0, 0x0, 0x0, 0x0, 0x3, 0xfd, 0x0,
    0xbb, 0xbb, 0xbb, 0xbb, 0xa0, 0x0, 0x0, 0xa,
    0xf5, 0x0, 0xff, 0xff, 0xff, 0xff, 0xa0, 0x0,
    0x0, 0x1f, 0xd0, 0x0, 0x0, 0xef, 0x0, 0x7f,
    0x60, 0x0, 0x0, 0x9f, 0x50, 0x82, 0x0, 0xfe,
    0x0, 0xbf, 0x20, 0x0, 0x2, 0xfb, 0x3, 0xfc,
    0x0, 0xfd, 0x0, 0xee, 0x0, 0x0, 0xc, 0xf6,
    0x5c, 0xf3, 0x1, 0xfb, 0x3, 0xfb, 0x11, 0x0,
    0x5f, 0xff, 0xff, 0x90, 0x2, 0xfc, 0x8, 0xff,
    0xff, 0x80, 0xb, 0x87, 0xfe, 0x10, 0x5, 0xff,
    0x26, 0x99, 0xcf, 0x50, 0x0, 0xb, 0xf4, 0x0,
    0x7, 0xff, 0x80, 0x0, 0xcf, 0x10, 0x0, 0x8f,
    0x95, 0xa8, 0xa, 0xff, 0xe0, 0x1, 0xfb, 0x0,
    0x7, 0xff, 0xff, 0xf8, 0xc, 0xf8, 0xf8, 0x8,
    0xf6, 0x0, 0x3f, 0xfe, 0x95, 0x0, 0x1f, 0xc0,
    0xdf, 0x4f, 0xd0, 0x0, 0x9, 0x40, 0x0, 0x14,
    0x6f, 0x80, 0x4f, 0xff, 0x50, 0x0, 0x0, 0x0,
    0x5b, 0xfd, 0xbf, 0x40, 0xd, 0xfe, 0x0, 0x0,
    0x4, 0xaf, 0xff, 0xb7, 0xfe, 0x0, 0x9f, 0xff,
    0xb0, 0x0, 0xf, 0xfe, 0x81, 0xc, 0xf6, 0x1b,
    0xfe, 0x4d, 0xfd, 0x30, 0x8, 0x40, 0x0, 0x5f,
    0xd3, 0xff, 0xd2, 0x1, 0xcf, 0xf2, 0x0, 0x0,
    0x0, 0x8, 0x50, 0x78, 0x0, 0x0, 0x6, 0x70,

    /* U+7ECF "经" */
    0x0, 0x0, 0xa3, 0x0, 0x0, 0x0, 0x0, 0x0,
    0x0, 0x0, 0x0, 0x5, 0xfb, 0x0, 0x9c, 0xcc,
    0xcc, 0xcc, 0xc5, 0x0, 0x0, 0xc, 0xf3, 0x0,
    0xbf, 0xff, 0xff, 0xff, 0xf7, 0x0, 0x0, 0x4f,
    0xb0, 0x0, 0x0, 0x0, 0x0, 0x8f, 0xd0, 0x0,
    0x0, 0xcf, 0x20, 0x71, 0x0, 0x0, 0x8, 0xfe,
    0x20, 0x0, 0x6, 0xf8, 0x4, 0xfd, 0x0, 0x1,
    0xaf, 0xf3, 0x0, 0x0, 0x4f, 0xf7, 0x8e, 0xf4,
    0x0, 0x5e, 0xff, 0xf9, 0x20, 0x0, 0x7f, 0xff,
    0xff, 0x90, 0x6d, 0xff, 0x96, 0xdf, 0xfa, 0x10,
    0x17, 0x47, 0xfd, 0xc, 0xff, 0xc3, 0x0, 0x5,
    0xdf, 0xe0, 0x0, 0x2f, 0xe2, 0x3, 0x93, 0x0,
    0x0, 0x0, 0x7, 0x50, 0x2, 0xef, 0x65, 0x84,
    0x6a, 0xaa, 0xaa, 0xaa, 0xaa, 0x10, 0x3e, 0xff,
    0xff, 0xf6, 0x9f, 0xff, 0xff, 0xff, 0xff, 0x10,
    0x4f, 0xff, 0xc8, 0x51, 0x0, 0x0, 0xcf, 0x20,
    0x0, 0x0, 0x8, 0x40, 0x0, 0x0, 0x0, 0x0,
    0xcf, 0x10, 0x0, 0x0, 0x0, 0x0, 0x0, 0x42,
    0x0, 0x0, 0xcf, 0x10, 0x0, 0x0, 0x0, 0x37,
    0xbf, 0xf5, 0x0, 0x0, 0xcf, 0x10, 0x0, 0x0,
    0x5f, 0xff, 0xff, 0xc3, 0x0, 0x0, 0xcf, 0x10,
    0x0, 0x0, 0x4f, 0xea, 0x51, 0x9, 0xcc, 0xcc,
    0xff, 0xcc, 0xcc, 0xc0, 0x13, 0x0, 0x0, 0xc,
    0xff, 0xff, 0xff, 0xff, 0xff, 0xf1,

    /* U+7ED3 "结" */
    0x0, 0x0, 0x94, 0x0, 0x0, 0x0, 0x5e, 0x80,
    0x0, 0x0, 0x0, 0x4f, 0xe0, 0x0, 0x0, 0x5,
    0xf9, 0x0, 0x0, 0x0, 0xb, 0xf7, 0x0, 0x11,
    0x11, 0x6f, 0xa1, 0x11, 0x10, 0x3, 0xfe, 0x0,
    0xc, 0xff, 0xff, 0xff, 0xff, 0xff, 0x0, 0xbf,
    0x60, 0x41, 0x9b, 0xbb, 0xdf, 0xeb, 0xbb, 0xb0,
    0x5f, 0xb0, 0x2f, 0xe1, 0x0, 0x5, 0xf9, 0x0,
    0x0, 0x3f, 0xfa, 0x9d, 0xf8, 0x0, 0x0, 0x5f,
    0x90, 0x0, 0x3, 0xff, 0xff, 0xfd, 0x3, 0xcc,
    0xcd, 0xfe, 0xcc, 0xc7, 0x6, 0x35, 0xff, 0x30,
    0x4f, 0xff, 0xff, 0xff, 0xff, 0x90, 0x1, 0xdf,
    0x50, 0x0, 0x0, 0x0, 0x0, 0x0, 0x0, 0x0,
    0xcf, 0x82, 0x57, 0x0, 0x0, 0x0, 0x0, 0x0,
    0x1, 0xcf, 0xff, 0xff, 0xf1, 0xcf, 0xff, 0xff,
    0xff, 0xf2, 0x1f, 0xfe, 0xb8, 0x53, 0xc, 0xfb,
    0xaa, 0xaa, 0xef, 0x20, 0x52, 0x0, 0x0, 0x0,
    0xcf, 0x0, 0x0, 0xc, 0xf2, 0x0, 0x0, 0x1,
    0x47, 0x1c, 0xf0, 0x0, 0x0, 0xcf, 0x21, 0x58,
    0xbe, 0xff, 0xf3, 0xcf, 0x0, 0x0, 0xc, 0xf2,
    0x4f, 0xff, 0xea, 0x73, 0xc, 0xff, 0xff, 0xff,
    0xff, 0x21, 0x85, 0x10, 0x0, 0x0, 0xcf, 0xcb,
    0xbb, 0xbf, 0xf2, 0x0, 0x0, 0x0, 0x0, 0xc,
    0xf0, 0x0, 0x0, 0xbe, 0x20,

    /* U+7F3A "缺" */
    0x0, 0x0, 0x0, 0x0, 0x0, 0x0, 0x0, 0x0,
    0x0, 0x0, 0x0, 0xad, 0x0, 0x0, 0x0, 0x0,
    0xaf, 0x20, 0x0, 0x0, 0x0, 0xec, 0x0, 0x0,
    0x0, 0x0, 0xaf, 0x20, 0x0, 0x0, 0x2, 0xfe,
    0xcc, 0xcc, 0x80, 0x0, 0xaf, 0x20, 0x0, 0x0,
    0x7, 0xfd, 0xff, 0xdd, 0x91, 0xbb, 0xef, 0xcb,
    0xbb, 0x0, 0xe, 0xd0, 0xdd, 0x0, 0x1, 0xff,
    0xff, 0xff, 0xfe, 0x0, 0x4f, 0x60, 0xdd, 0x0,
    0x0, 0x0, 0xaf, 0x30, 0xde, 0x0, 0x4, 0x0,
    0xdd, 0x0, 0x0, 0x0, 0xaf, 0x20, 0xde, 0x0,
    0x1a, 0xaa, 0xff, 0xaa, 0xa0, 0x0, 0xaf, 0x20,
    0xde, 0x0, 0x2f, 0xff, 0xff, 0xff, 0xf0, 0x0,
    0xaf, 0x20, 0xde, 0x0, 0x0, 0x0, 0xde, 0x0,
    0x7, 0xcc, 0xef, 0xdc, 0xff, 0xc0, 0x9, 0xc0,
    0xdd, 0xb, 0xa7, 0xcc, 0xff, 0xfd, 0xcc, 0xc0,
    0x9, 0xd0, 0xdd, 0xc, 0xb0, 0x0, 0xff, 0xf7,
    0x0, 0x0, 0x9, 0xd0, 0xdd, 0xc, 0xb0, 0x3,
    0xfd, 0xfe, 0x0, 0x0, 0x9, 0xd0, 0xdd, 0xc,
    0xb0, 0x9, 0xf6, 0xaf, 0x70, 0x0, 0x9, 0xd0,
    0xde, 0x4d, 0xb0, 0x1f, 0xf1, 0x2f, 0xe1, 0x0,
    0x9, 0xff, 0xff, 0xff, 0xb0, 0xaf, 0x90, 0xa,
    0xfc, 0x0, 0x8, 0xb9, 0x64, 0x1c, 0xb8, 0xfe,
    0x10, 0x1, 0xdf, 0xd2, 0x0, 0x0, 0x0, 0x0,
    0x1b, 0xf3, 0x0, 0x0, 0x2d, 0xd1, 0x0, 0x0,
    0x0, 0x0, 0x0, 0x20, 0x0, 0x0, 0x0, 0x20,

    /* U+7F57 "罗" */
    0x0, 0x0, 0x0, 0x0, 0x0, 0x0, 0x0, 0x0,
    0x0, 0xef, 0xff, 0xff, 0xff, 0xff, 0xff, 0xff,
    0xfe, 0xe, 0xf8, 0x89, 0xfd, 0x88, 0xdf, 0x98,
    0x8f, 0xe0, 0xee, 0x0, 0x1f, 0xa0, 0xa, 0xf0,
    0x0, 0xfe, 0xe, 0xe0, 0x1, 0xfa, 0x0, 0xaf,
    0x0, 0xf, 0xe0, 0xef, 0xff, 0xff, 0xff, 0xff,
    0xff, 0xff, 0xfe, 0x9, 0xaa, 0xaa, 0xdf, 0xba,
    0xaa, 0xaa, 0xaa, 0x90, 0x0, 0x0, 0x2f, 0xf3,
    0x0, 0x0, 0x0, 0x0, 0x0, 0x0, 0x3e, 0xfe,
    0xaa, 0xaa, 0xaa, 0xa4, 0x0, 0x0, 0x7f, 0xff,
    0xff, 0xff, 0xff, 0xff, 0xd0, 0x5, 0xef, 0xf5,
    0x0, 0x0, 0x0, 0x1e, 0xf4, 0x1, 0xef, 0xb1,
    0x6d, 0x20, 0x0, 0xb, 0xfa, 0x0, 0x3, 0x30,
    0x5, 0xfe, 0x30, 0xa, 0xfd, 0x0, 0x0, 0x0,
    0x0, 0x4, 0xff, 0x5d, 0xfb, 0x0, 0x0, 0x0,
    0x0, 0x0, 0x5, 0xff, 0xf8, 0x0, 0x0, 0x0,
    0x0, 0x0, 0x5b, 0xff, 0xd4, 0x0, 0x0, 0x0,
    0x16, 0x9c, 0xff, 0xfc, 0x40, 0x0, 0x0, 0x0,
    0x1, 0xef, 0xfc, 0x83, 0x0, 0x0, 0x0, 0x0,
    0x0, 0x4, 0x40, 0x0, 0x0, 0x0, 0x0, 0x0,
    0x0, 0x0,

    /* U+8272 "色" */
    0x0, 0x0, 0x0, 0x59, 0x20, 0x0, 0x0, 0x0,
    0x0, 0x0, 0x0, 0x0, 0x1, 0xef, 0x30, 0x0,
    0x0, 0x0, 0x0, 0x0, 0x0, 0x0, 0xa, 0xff,
    0xff, 0xff, 0xfd, 0x20, 0x0, 0x0, 0x0, 0x0,
    0x8f, 0xd9, 0x99, 0x9d, 0xfc, 0x0, 0x0, 0x0,
    0x0, 0x8, 0xfe, 0x10, 0x0, 0x2f, 0xe1, 0x0,
    0x0, 0x0, 0x0, 0xaf, 0xf4, 0x11, 0x12, 0xdf,
    0x51, 0x11, 0x10, 0x0, 0x1d, 0xff, 0xff, 0xff,
    0xff, 0xff, 0xff, 0xff, 0xf1, 0x0, 0xc, 0xcd,
    0xfa, 0xaa, 0xae, 0xfa, 0xaa, 0xae, 0xf1, 0x0,
    0x1, 0xc, 0xf0, 0x0, 0xc, 0xf1, 0x0, 0xc,
    0xf1, 0x0, 0x0, 0xc, 0xf0, 0x0, 0xc, 0xf1,
    0x0, 0xc, 0xf1, 0x0, 0x0, 0xc, 0xfc, 0xbb,
    0xbf, 0xfc, 0xbb, 0xbf, 0xf1, 0x0, 0x0, 0xc,
    0xff, 0xff, 0xff, 0xff, 0xff, 0xff, 0xf1, 0x0,
    0x0, 0xc, 0xf1, 0x0, 0x0, 0x0, 0x0, 0xc,
    0xf1, 0x0, 0x0, 0xc, 0xf0, 0x0, 0x0, 0x0,
    0x0, 0x2, 0x31, 0x0, 0x0, 0xc, 0xf0, 0x0,
    0x0, 0x0, 0x0, 0x0, 0xc, 0xb0, 0x0, 0xc,
    0xf0, 0x0, 0x0, 0x0, 0x0, 0x0, 0xe, 0xf0,
    0x0, 0xa, 0xf4, 0x0, 0x0, 0x0, 0x0, 0x0,
    0x5f, 0xb0, 0x0, 0x6, 0xff, 0xdc, 0xbb, 0xbb,
    0xbb, 0xcd, 0xff, 0x50, 0x0, 0x0, 0x7c, 0xef,
    0xff, 0xff, 0xff, 0xfe, 0xd6, 0x0,

    /* U+843D "落" */
    0x0, 0x0, 0x4, 0xc5, 0x0, 0x0, 0x5c, 0x40,
    0x0, 0x0, 0x6, 0x88, 0x8b, 0xfc, 0x88, 0x88,
    0xcf, 0xb8, 0x88, 0x80, 0xb, 0xff, 0xff, 0xff,
    0xff, 0xff, 0xff, 0xff, 0xff, 0xe0, 0x1, 0x22,
    0x27, 0xf8, 0x22, 0x22, 0x8f, 0x72, 0x22, 0x20,
    0x0, 0x16, 0x4, 0xa5, 0x2, 0xd9, 0x5a, 0x40,
    0x0, 0x0, 0x0, 0x9f, 0xe5, 0x0, 0xc, 0xfc,
    0x77, 0x77, 0x72, 0x0, 0x0, 0x7, 0xff, 0x50,
    0xaf, 0xff, 0xff, 0xff, 0xfc, 0x0, 0x0, 0x0,
    0x28, 0x1b, 0xff, 0xc1, 0x0, 0x6f, 0xe1, 0x0,
    0x5, 0x60, 0x0, 0xdf, 0xa6, 0xfe, 0x69, 0xfe,
    0x20, 0x0, 0xd, 0xfe, 0x50, 0x68, 0x0, 0x3f,
    0xff, 0xe1, 0x0, 0x0, 0x0, 0x7f, 0xf1, 0x0,
    0x17, 0xef, 0xee, 0xfe, 0x82, 0x0, 0x0, 0x3,
    0x40, 0x8c, 0xff, 0xd6, 0x0, 0x6d, 0xff, 0xe4,
    0x0, 0x0, 0x4, 0xaf, 0xfa, 0x76, 0x66, 0x67,
    0xbd, 0xb0, 0x0, 0x0, 0xaf, 0x22, 0xff, 0xff,
    0xff, 0xff, 0xf6, 0x0, 0x0, 0x6, 0xfc, 0x2,
    0xfa, 0x0, 0x0, 0x7, 0xf6, 0x0, 0x0, 0x3f,
    0xf2, 0x2, 0xfa, 0x0, 0x0, 0x7, 0xf6, 0x0,
    0x1, 0xef, 0x60, 0x2, 0xfd, 0x88, 0x88, 0x8b,
    0xf6, 0x0, 0x9, 0xfa, 0x0, 0x2, 0xff, 0xff,
    0xff, 0xff, 0xf6, 0x0, 0x0, 0xa0, 0x0, 0x2,
    0xfa, 0x0, 0x0, 0x7, 0xf6, 0x0,

    /* U+86C7 "蛇" */
    0x0, 0x0, 0x78, 0x0, 0x0, 0x0, 0x29, 0x50,
    0x0, 0x0, 0x0, 0x0, 0xce, 0x0, 0x0, 0x0,
    0x2f, 0xd0, 0x0, 0x0, 0x0, 0x0, 0xce, 0x0,
    0x0, 0x0, 0xa, 0xf4, 0x0, 0x0, 0x0, 0x0,
    0xce, 0x0, 0x9, 0xbb, 0xbd, 0xec, 0xbb, 0xb0,
    0x8, 0xff, 0xff, 0xff, 0x9d, 0xfd, 0xdd, 0xdd,
    0xdf, 0xf1, 0x8, 0xf8, 0xde, 0x8f, 0x9d, 0xf0,
    0x0, 0x0, 0xb, 0xf1, 0x8, 0xe0, 0x9c, 0xe,
    0x9a, 0xc0, 0x0, 0x0, 0x8, 0xc0, 0x8, 0xe0,
    0x9c, 0xe, 0x90, 0xc, 0xa0, 0x0, 0x0, 0x0,
    0x8, 0xe0, 0x9c, 0xe, 0x90, 0xf, 0xc0, 0x0,
    0x8b, 0x0, 0x8, 0xf8, 0xde, 0x8f, 0x90, 0xf,
    0xc0, 0x4d, 0xfd, 0x20, 0x8, 0xff, 0xff, 0xff,
    0x90, 0xf, 0xeb, 0xff, 0x80, 0x0, 0x8, 0xe0,
    0xce, 0x0, 0x0, 0xf, 0xff, 0xc3, 0x0, 0x0,
    0x2, 0x40, 0xce, 0x18, 0x10, 0xf, 0xe5, 0x0,
    0x0, 0x0, 0x0, 0x0, 0xce, 0x2f, 0x60, 0xf,
    0xc0, 0x0, 0x0, 0x0, 0x0, 0x0, 0xce, 0xd,
    0xc0, 0xf, 0xc0, 0x0, 0x3, 0x91, 0x0, 0x24,
    0xdf, 0xbf, 0xf1, 0xf, 0xc0, 0x0, 0x4, 0xf5,
    0x1f, 0xff, 0xff, 0xff, 0xf5, 0xf, 0xd0, 0x0,
    0x6, 0xf3, 0xe, 0xc9, 0x74, 0x21, 0xf8, 0xd,
    0xfb, 0xaa, 0xae, 0xe0, 0x0, 0x0, 0x0, 0x0,
    0x30, 0x4, 0xdf, 0xff, 0xfe, 0x50,

    /* U+884C "行" */
    0x0, 0x0, 0x1c, 0x70, 0x0, 0x0, 0x0, 0x0,
    0x0, 0x0, 0x0, 0x0, 0xcf, 0x90, 0xb, 0xbb,
    0xbb, 0xbb, 0xbb, 0x80, 0x0, 0x1b, 0xfb, 0x0,
    0xf, 0xff, 0xff, 0xff, 0xff, 0xb0, 0x2, 0xdf,
    0xc0, 0x0, 0x0, 0x0, 0x0, 0x0, 0x0, 0x0,
    0xe, 0xfb, 0x0, 0x60, 0x0, 0x0, 0x0, 0x0,
    0x0, 0x0, 0x7, 0x90, 0x8, 0xfa, 0x0, 0x0,
    0x0, 0x0, 0x0, 0x0, 0x0, 0x0, 0x3f, 0xe1,
    0x0, 0x0, 0x0, 0x0, 0x0, 0x0, 0x0, 0x1,
    0xef, 0x50, 0xef, 0xff, 0xff, 0xff, 0xff, 0xf4,
    0x0, 0x1d, 0xfd, 0x0, 0xbc, 0xcc, 0xcc, 0xef,
    0xdc, 0xc3, 0x2, 0xdf, 0xfd, 0x0, 0x0, 0x0,
    0x0, 0x8f, 0x50, 0x0, 0x2e, 0xfd, 0xfd, 0x0,
    0x0, 0x0, 0x0, 0x8f, 0x50, 0x0, 0xb, 0xc2,
    0xfd, 0x0, 0x0, 0x0, 0x0, 0x8f, 0x50, 0x0,
    0x1, 0x1, 0xfd, 0x0, 0x0, 0x0, 0x0, 0x8f,
    0x50, 0x0, 0x0, 0x1, 0xfd, 0x0, 0x0, 0x0,
    0x0, 0x8f, 0x50, 0x0, 0x0, 0x1, 0xfd, 0x0,
    0x0, 0x0, 0x0, 0x8f, 0x50, 0x0, 0x0, 0x1,
    0xfd, 0x0, 0x0, 0x0, 0x0, 0x8f, 0x50, 0x0,
    0x0, 0x1, 0xfd, 0x0, 0x0, 0x0, 0x0, 0x8f,
    0x50, 0x0, 0x0, 0x1, 0xfd, 0x0, 0x0, 0xc,
    0xdd, 0xff, 0x30, 0x0, 0x0, 0x1, 0xfd, 0x0,
    0x0, 0xa, 0xff, 0xd8, 0x0, 0x0, 0x0, 0x0,
    0x11, 0x0, 0x0, 0x0, 0x0, 0x0, 0x0, 0x0,

    /* U+89E6 "触" */
    0x0, 0x7, 0xb2, 0x0, 0x0, 0x0, 0xb, 0xc1,
    0x0, 0x0, 0x0, 0xe, 0xf1, 0x0, 0x0, 0x0,
    0xd, 0xf1, 0x0, 0x0, 0x0, 0x4f, 0xff, 0xff,
    0x60, 0x0, 0xd, 0xf1, 0x0, 0x0, 0x0, 0xaf,
    0x87, 0xdf, 0x30, 0x22, 0x2e, 0xf4, 0x22, 0x10,
    0x3, 0xfc, 0x1, 0xfb, 0x0, 0xcf, 0xff, 0xff,
    0xff, 0x80, 0xd, 0xff, 0xff, 0xff, 0xf6, 0xcb,
    0x3c, 0xe3, 0x4f, 0x80, 0x2e, 0xfc, 0x7f, 0xa8,
    0xf6, 0xca, 0xa, 0xe0, 0x1f, 0x80, 0x1, 0xf8,
    0xf, 0x51, 0xf6, 0xca, 0xa, 0xe0, 0x1f, 0x80,
    0x0, 0xfa, 0x3f, 0x84, 0xf6, 0xca, 0xa, 0xe0,
    0x1f, 0x80, 0x0, 0xff, 0xff, 0xff, 0xf6, 0xca,
    0xa, 0xe0, 0x1f, 0x80, 0x0, 0xf9, 0x2f, 0x73,
    0xf6, 0xcf, 0xff, 0xff, 0xff, 0x80, 0x0, 0xf8,
    0xf, 0x51, 0xf6, 0x8b, 0xbf, 0xfb, 0xbb, 0x60,
    0x1, 0xfc, 0x7f, 0xa8, 0xf6, 0x0, 0xd, 0xf1,
    0x1, 0x0, 0x2, 0xff, 0xff, 0xff, 0xf6, 0x0,
    0xd, 0xf1, 0xed, 0x0, 0x4, 0xf5, 0xf, 0x51,
    0xf6, 0x0, 0xd, 0xf1, 0x8f, 0x50, 0x7, 0xf2,
    0xf, 0x51, 0xf6, 0x0, 0xd, 0xf5, 0x8f, 0xc0,
    0xc, 0xf0, 0xf, 0x51, 0xf9, 0xac, 0xef, 0xff,
    0xff, 0xf1, 0x2f, 0xb0, 0xe, 0x79, 0xf8, 0xcb,
    0xa9, 0x87, 0x6a, 0xf6, 0x9, 0x50, 0x0, 0x1f,
    0xc1, 0x0, 0x0, 0x0, 0x3, 0xa0, 0x0, 0x0,
    0x0, 0x0, 0x0, 0x0, 0x0, 0x0, 0x0, 0x0,

    /* U+8D2A "贪" */
    0x0, 0x0, 0x0, 0x0, 0x0, 0x0, 0x0, 0x0,
    0x0, 0x0, 0x0, 0x0, 0x0, 0x0, 0x1b, 0xc2,
    0x0, 0x0, 0x0, 0x0, 0x0, 0x0, 0x0, 0x6,
    0xef, 0xfb, 0x20, 0x0, 0x0, 0x0, 0x0, 0x0,
    0x16, 0xdf, 0xd5, 0x7f, 0xfb, 0x40, 0x0, 0x0,
    0x1, 0x6b, 0xff, 0xf7, 0x5d, 0x31, 0x9f, 0xfe,
    0xa5, 0x10, 0x4f, 0xff, 0xd7, 0x10, 0x2e, 0xf3,
    0x1, 0x7d, 0xff, 0xc0, 0xa, 0x97, 0x77, 0x77,
    0x7a, 0xf8, 0x77, 0x71, 0x38, 0x10, 0x0, 0x9,
    0xff, 0xff, 0xff, 0xff, 0xff, 0xf9, 0x0, 0x0,
    0x0, 0x0, 0x0, 0x0, 0x0, 0x0, 0xaf, 0xb0,
    0x0, 0x0, 0x0, 0x0, 0x0, 0x0, 0x0, 0x5,
    0xfc, 0x0, 0x0, 0x0, 0x0, 0xb, 0xff, 0xff,
    0xff, 0xff, 0xff, 0xff, 0x10, 0x0, 0x0, 0xb,
    0xfb, 0xaa, 0xaa, 0xaa, 0xaa, 0xef, 0x10, 0x0,
    0x0, 0xb, 0xf1, 0x0, 0x2a, 0x80, 0x0, 0xcf,
    0x10, 0x0, 0x0, 0xb, 0xf1, 0x0, 0x3f, 0xb0,
    0x0, 0xcf, 0x10, 0x0, 0x0, 0xb, 0xf1, 0x0,
    0x6f, 0x90, 0x0, 0xcf, 0x10, 0x0, 0x0, 0xb,
    0xf1, 0x1, 0xdf, 0x54, 0x0, 0xcf, 0x10, 0x0,
    0x0, 0x0, 0x10, 0x5e, 0xfa, 0x7f, 0xfa, 0x40,
    0x0, 0x0, 0x0, 0x3, 0x8d, 0xff, 0x80, 0x5,
    0xbf, 0xfe, 0x81, 0x0, 0x5, 0xff, 0xfe, 0x81,
    0x0, 0x0, 0x1, 0x7e, 0xfd, 0x0, 0x0, 0x87,
    0x30, 0x0, 0x0, 0x0, 0x0, 0x0, 0x63, 0x0,

    /* U+8D62 "赢" */
    0x0, 0x0, 0x0, 0x0, 0x1, 0x20, 0x0, 0x0,
    0x0, 0x0, 0x0, 0x0, 0x0, 0x0, 0x1f, 0xe0,
    0x0, 0x0, 0x0, 0x0, 0x4f, 0xff, 0xff, 0xff,
    0xff, 0xff, 0xff, 0xff, 0xff, 0xf3, 0x15, 0x5e,
    0xd5, 0x55, 0x55, 0x55, 0x55, 0x55, 0x55, 0x51,
    0x0, 0xd, 0xe9, 0x99, 0x99, 0x99, 0x99, 0x99,
    0x97, 0x0, 0x0, 0xb, 0xdd, 0xdd, 0xdd, 0xdd,
    0xdd, 0xdd, 0xdb, 0x0, 0x0, 0x3, 0x44, 0x44,
    0x44, 0x44, 0x44, 0x44, 0x30, 0x0, 0x0, 0xa,
    0xfd, 0xdd, 0xdd, 0xdd, 0xdd, 0xdf, 0xc0, 0x0,
    0x0, 0xa, 0xf3, 0x33, 0x33, 0x33, 0x33, 0x3f,
    0xc0, 0x0, 0x0, 0xa, 0xee, 0xee, 0xee, 0xee,
    0xee, 0xee, 0xb0, 0x0, 0x0, 0x55, 0x55, 0x25,
    0x55, 0x55, 0x15, 0x55, 0x52, 0x0, 0x0, 0xfe,
    0xdf, 0x6d, 0xed, 0xef, 0x4f, 0xfe, 0xf6, 0x0,
    0x0, 0xf8, 0x3f, 0x6d, 0x48, 0x3f, 0x4f, 0x30,
    0xe6, 0x0, 0x0, 0xff, 0xff, 0x6d, 0x4f, 0x4f,
    0x4f, 0xf2, 0xe6, 0x0, 0x0, 0xf5, 0xf, 0x6d,
    0x5f, 0x3f, 0x5f, 0xa9, 0xe6, 0x0, 0x1, 0xff,
    0xff, 0x6d, 0x8e, 0x2f, 0x6e, 0x3f, 0xf6, 0x0,
    0x2, 0xf4, 0x3f, 0x62, 0x8f, 0x90, 0x8d, 0x8,
    0xf6, 0x51, 0x7, 0xd0, 0xf, 0x61, 0xe9, 0xf7,
    0xc9, 0x0, 0xe6, 0xa5, 0xe, 0x83, 0x4f, 0x9d,
    0xb0, 0x7b, 0xf3, 0x0, 0xe9, 0xd4, 0x1b, 0x18,
    0xfd, 0x6a, 0x0, 0x7, 0xa0, 0x0, 0x8e, 0xb0,
    0x0, 0x0, 0x0, 0x0, 0x0, 0x0, 0x0, 0x0,
    0x0, 0x0,

    /* U+8D77 "起" */
    0x0, 0x0, 0x4b, 0x40, 0x0, 0x0, 0x0, 0x0,
    0x0, 0x0, 0x0, 0x0, 0x5f, 0x60, 0x0, 0x3e,
    0xee, 0xee, 0xee, 0x10, 0x5, 0xbb, 0xcf, 0xdb,
    0xb6, 0x2b, 0xbb, 0xbb, 0xef, 0x10, 0x8, 0xff,
    0xff, 0xff, 0xf8, 0x0, 0x0, 0x0, 0xbf, 0x10,
    0x0, 0x0, 0x5f, 0x60, 0x0, 0x0, 0x0, 0x0,
    0xbf, 0x10, 0x0, 0x0, 0x5f, 0x60, 0x0, 0x0,
    0x0, 0x0, 0xbf, 0x10, 0xb, 0xbb, 0xdf, 0xdb,
    0xbb, 0x18, 0x88, 0x88, 0xef, 0x10, 0x1f, 0xff,
    0xff, 0xff, 0xff, 0x2f, 0xff, 0xff, 0xff, 0x10,
    0x0, 0x0, 0xe, 0xc0, 0x0, 0xf, 0xc1, 0x11,
    0x78, 0x0, 0x2, 0xb5, 0xe, 0xc0, 0x0, 0xf,
    0xb0, 0x0, 0x0, 0x0, 0x3, 0xf8, 0xe, 0xe9,
    0x98, 0xf, 0xb0, 0x0, 0x1, 0x0, 0x4, 0xf7,
    0xe, 0xff, 0xfd, 0xf, 0xb0, 0x0, 0x8, 0xd1,
    0x5, 0xfa, 0xe, 0xc0, 0x0, 0xf, 0xc0, 0x0,
    0x9, 0xf1, 0x6, 0xff, 0x2e, 0xc0, 0x0, 0xf,
    0xfa, 0xaa, 0xaf, 0xd0, 0x7, 0xff, 0xdf, 0xc0,
    0x0, 0x7, 0xff, 0xff, 0xfe, 0x40, 0xa, 0xf8,
    0xff, 0xc0, 0x0, 0x0, 0x0, 0x0, 0x0, 0x0,
    0xc, 0xd0, 0xdf, 0xe7, 0x10, 0x0, 0x0, 0x0,
    0x0, 0x0, 0x1f, 0xa0, 0x1b, 0xff, 0xff, 0xdd,
    0xdd, 0xdd, 0xdd, 0xd2, 0x6f, 0x60, 0x0, 0x49,
    0xde, 0xff, 0xff, 0xff, 0xff, 0xc0, 0x6, 0x10,
    0x0, 0x0, 0x0, 0x0, 0x0, 0x0, 0x0, 0x0,

    /* U+8D8A "越" */
    0x0, 0x0, 0x5e, 0x40, 0x0, 0x0, 0x3, 0xe7,
    0x64, 0x0, 0x0, 0x0, 0x6f, 0x50, 0x0, 0x0,
    0x3, 0xf7, 0xbf, 0x20, 0x3, 0x99, 0xbf, 0xb9,
    0x92, 0x0, 0x2, 0xf7, 0x1e, 0xa0, 0x5, 0xff,
    0xff, 0xff, 0xf3, 0x88, 0x8a, 0xfc, 0x8b, 0x91,
    0x0, 0x11, 0x7f, 0x61, 0x10, 0xef, 0xff, 0xff,
    0xff, 0xf3, 0x0, 0x0, 0x6f, 0x50, 0x0, 0xec,
    0x1, 0xfa, 0x0, 0x0, 0xb, 0xbb, 0xdf, 0xcb,
    0xb6, 0xec, 0x0, 0xeb, 0x8, 0x80, 0x1f, 0xff,
    0xff, 0xff, 0xf9, 0xec, 0x0, 0xdc, 0x1f, 0x90,
    0x0, 0x0, 0xf, 0xa0, 0x0, 0xec, 0x0, 0xbe,
    0x7f, 0x30, 0x1, 0xc6, 0xf, 0xa0, 0x0, 0xec,
    0x0, 0x8f, 0xed, 0x0, 0x2, 0xf7, 0xf, 0xd9,
    0x92, 0xec, 0x6b, 0x6f, 0xf4, 0x0, 0x2, 0xf7,
    0xf, 0xff, 0xf5, 0xff, 0xfc, 0x5f, 0xb0, 0x90,
    0x3, 0xfc, 0xf, 0xa0, 0xa, 0xfe, 0x61, 0xef,
    0xb0, 0xf4, 0x3, 0xff, 0x4f, 0xa0, 0x5, 0xa1,
    0x2d, 0xfd, 0xf6, 0xf1, 0x5, 0xff, 0xef, 0xa0,
    0x0, 0x4, 0xff, 0xa1, 0xef, 0xc0, 0x8, 0xf6,
    0xff, 0xb0, 0x0, 0x3, 0xfb, 0x0, 0x27, 0x20,
    0xc, 0xc0, 0xbf, 0xfa, 0x30, 0x0, 0x50, 0x0,
    0x0, 0x0, 0x2f, 0x70, 0x9, 0xff, 0xff, 0xed,
    0xdd, 0xdd, 0xdd, 0xd3, 0x3e, 0x20, 0x0, 0x38,
    0xce, 0xff, 0xff, 0xff, 0xff, 0xe0, 0x2, 0x0,
    0x0, 0x0, 0x0, 0x0, 0x0, 0x0, 0x0, 0x0,

    /* U+8F6C "转" */
    0x0, 0x1, 0xd8, 0x0, 0x0, 0x0, 0xb, 0xc1,
    0x0, 0x0, 0x0, 0x4, 0xf9, 0x0, 0x0, 0x0,
    0xf, 0xe0, 0x0, 0x0, 0xa, 0xac, 0xfd, 0xaa,
    0x57, 0xaa, 0xbf, 0xea, 0xaa, 0x60, 0x1f, 0xff,
    0xff, 0xff, 0x8b, 0xff, 0xff, 0xff, 0xff, 0x80,
    0x0, 0x1f, 0xb0, 0x0, 0x0, 0x0, 0xdf, 0x20,
    0x0, 0x0, 0x0, 0x4f, 0x60, 0x0, 0x0, 0x1,
    0xfd, 0x0, 0x0, 0x0, 0x0, 0x9f, 0x4f, 0x90,
    0x4c, 0xcd, 0xff, 0xcc, 0xcc, 0xc2, 0x0, 0xe9,
    0x3f, 0x90, 0x5f, 0xff, 0xff, 0xff, 0xff, 0xf3,
    0x8, 0xf8, 0x7f, 0xc5, 0x20, 0xe, 0xf0, 0x0,
    0x0, 0x0, 0xb, 0xff, 0xff, 0xff, 0x60, 0x3f,
    0xc0, 0x0, 0x0, 0x0, 0x4, 0x65, 0x7f, 0xb5,
    0x20, 0x8f, 0xff, 0xff, 0xff, 0x50, 0x0, 0x0,
    0x3f, 0x90, 0x0, 0x9b, 0xbb, 0xbd, 0xfe, 0x10,
    0x0, 0x0, 0x3f, 0xb6, 0x90, 0x0, 0x0, 0xd,
    0xf4, 0x0, 0x7, 0x9c, 0xef, 0xff, 0xf0, 0x5,
    0x10, 0xaf, 0x90, 0x0, 0xf, 0xff, 0xff, 0xc5,
    0x20, 0x5f, 0xe9, 0xfc, 0x0, 0x0, 0x7, 0x52,
    0x3f, 0x90, 0x0, 0x7, 0xff, 0xf3, 0x0, 0x0,
    0x0, 0x0, 0x3f, 0x90, 0x0, 0x0, 0x3d, 0xfe,
    0x30, 0x0, 0x0, 0x0, 0x3f, 0x90, 0x0, 0x0,
    0x0, 0xaf, 0xf2, 0x0, 0x0, 0x0, 0x3f, 0x90,
    0x0, 0x0, 0x0, 0x8, 0xa0, 0x0, 0x0, 0x0,
    0x0, 0x0, 0x0, 0x0, 0x0, 0x0, 0x0, 0x0,

    /* U+8F7B "轻" */
    0x0, 0x0, 0x0, 0x0, 0x0, 0x0, 0x0, 0x0,
    0x0, 0x0, 0x0, 0x5, 0xe6, 0x0, 0x0, 0x0,
    0x0, 0x0, 0x0, 0x0, 0x0, 0x8, 0xf5, 0x0,
    0x9, 0xff, 0xff, 0xff, 0xfc, 0x10, 0xb, 0xbe,
    0xfc, 0xbb, 0x67, 0xbb, 0xbb, 0xbe, 0xfd, 0x0,
    0x1f, 0xff, 0xff, 0xff, 0x80, 0x0, 0x0, 0x2f,
    0xf5, 0x0, 0x0, 0x3f, 0x90, 0x0, 0x0, 0x0,
    0x1, 0xdf, 0xb0, 0x0, 0x0, 0x7f, 0x30, 0x0,
    0x0, 0x0, 0x2d, 0xfe, 0x10, 0x0, 0x0, 0xbe,
    0x3f, 0x80, 0x0, 0x5, 0xef, 0xf9, 0x0, 0x0,
    0x1, 0xf9, 0x3f, 0x80, 0x3, 0xbf, 0xfc, 0xdf,
    0xe7, 0x0, 0x9, 0xf7, 0x7f, 0xa4, 0x8f, 0xfe,
    0x50, 0x6, 0xdf, 0xd0, 0xd, 0xff, 0xff, 0xff,
    0x6a, 0x50, 0x0, 0x0, 0x7, 0x40, 0x4, 0x54,
    0x6f, 0xa4, 0x16, 0xaa, 0xaa, 0xaa, 0xaa, 0x30,
    0x0, 0x0, 0x3f, 0x80, 0x9, 0xff, 0xff, 0xff,
    0xff, 0x40, 0x0, 0x0, 0x3f, 0xb8, 0x50, 0x0,
    0x1f, 0xd0, 0x0, 0x0, 0x15, 0x8b, 0xef, 0xff,
    0x80, 0x0, 0xf, 0xd0, 0x0, 0x0, 0x2f, 0xff,
    0xff, 0xd7, 0x20, 0x0, 0xf, 0xd0, 0x0, 0x0,
    0xd, 0xa6, 0x6f, 0x80, 0x0, 0x0, 0xf, 0xd0,
    0x0, 0x0, 0x0, 0x0, 0x3f, 0x80, 0x0, 0x0,
    0xf, 0xd0, 0x0, 0x0, 0x0, 0x0, 0x3f, 0x80,
    0x7c, 0xcc, 0xcf, 0xfc, 0xcc, 0xc1, 0x0, 0x0,
    0x3f, 0x80, 0xaf, 0xff, 0xff, 0xff, 0xff, 0xf2,

    /* U+8FC7 "过" */
    0x0, 0x20, 0x0, 0x0, 0x0, 0x0, 0x0, 0xad,
    0x30, 0x0, 0x7, 0xf6, 0x0, 0x0, 0x0, 0x0,
    0x0, 0xbf, 0x30, 0x0, 0x3, 0xff, 0x50, 0x0,
    0x0, 0x0, 0x0, 0xbf, 0x30, 0x0, 0x0, 0x4f,
    0xf3, 0x2, 0x22, 0x22, 0x22, 0xcf, 0x52, 0x10,
    0x0, 0x8, 0xf6, 0x5f, 0xff, 0xff, 0xff, 0xff,
    0xff, 0xd0, 0x0, 0x0, 0x20, 0x3a, 0xaa, 0xaa,
    0xaa, 0xef, 0xba, 0x80, 0x0, 0x0, 0x0, 0x0,
    0x10, 0x0, 0x0, 0xbf, 0x30, 0x0, 0x2a, 0xaa,
    0xa1, 0x4, 0xfa, 0x0, 0x0, 0xbf, 0x30, 0x0,
    0x4f, 0xff, 0xf2, 0x0, 0xcf, 0x70, 0x0, 0xbf,
    0x30, 0x0, 0x1, 0x1b, 0xf2, 0x0, 0x1e, 0xf3,
    0x0, 0xbf, 0x30, 0x0, 0x0, 0xb, 0xf2, 0x0,
    0x5, 0xf8, 0x0, 0xbf, 0x30, 0x0, 0x0, 0xb,
    0xf2, 0x0, 0x0, 0x30, 0x0, 0xbf, 0x30, 0x0,
    0x0, 0xb, 0xf2, 0x0, 0x0, 0x0, 0x0, 0xbf,
    0x30, 0x0, 0x0, 0xb, 0xf2, 0x0, 0x0, 0x4d,
    0xdd, 0xff, 0x10, 0x0, 0x0, 0x5e, 0xf7, 0x0,
    0x0, 0xf, 0xff, 0xd6, 0x0, 0x0, 0x9, 0xfe,
    0xcf, 0xc6, 0x10, 0x0, 0x0, 0x0, 0x1, 0x41,
    0x6f, 0xe1, 0x6, 0xff, 0xfe, 0xdc, 0xcd, 0xde,
    0xff, 0xf1, 0xd, 0x40, 0x0, 0x6, 0xce, 0xff,
    0xff, 0xff, 0xfe, 0xc0, 0x1, 0x0, 0x0, 0x0,
    0x0, 0x0, 0x0, 0x0, 0x0, 0x0,

    /* U+8FD4 "返" */
    0x0, 0x10, 0x0, 0x0, 0x0, 0x0, 0x0, 0x25,
    0x82, 0x0, 0x6f, 0x60, 0x0, 0x59, 0xab, 0xce,
    0xff, 0xff, 0xe2, 0x2, 0xef, 0x50, 0xb, 0xff,
    0xfe, 0xdb, 0xa7, 0x51, 0x0, 0x3, 0xff, 0x30,
    0xbf, 0x30, 0x0, 0x0, 0x0, 0x0, 0x0, 0x6,
    0x80, 0xb, 0xf2, 0x0, 0x0, 0x0, 0x0, 0x0,
    0x0, 0x0, 0x0, 0xbf, 0xff, 0xff, 0xff, 0xff,
    0x80, 0x0, 0x0, 0x0, 0xc, 0xfa, 0xaa, 0xaa,
    0xad, 0xf5, 0x2, 0xbb, 0xbb, 0x0, 0xdf, 0x13,
    0x0, 0x0, 0xef, 0x0, 0x3f, 0xff, 0xf1, 0xe,
    0xf5, 0xfb, 0x10, 0x6f, 0x90, 0x0, 0x0, 0xdf,
    0x10, 0xfd, 0xa, 0xfd, 0x4f, 0xe1, 0x0, 0x0,
    0xd, 0xf1, 0x3f, 0xb0, 0x7, 0xff, 0xf5, 0x0,
    0x0, 0x0, 0xdf, 0x17, 0xf6, 0x0, 0x2e, 0xff,
    0x60, 0x0, 0x0, 0xd, 0xf1, 0xef, 0x10, 0x6f,
    0xfb, 0xff, 0x80, 0x0, 0x0, 0xdf, 0x8f, 0xa5,
    0xef, 0xf6, 0x3, 0xef, 0x90, 0x0, 0x1e, 0xf3,
    0x91, 0x2f, 0x92, 0x0, 0x3, 0xe4, 0x0, 0x2e,
    0xff, 0xd1, 0x0, 0x0, 0x0, 0x0, 0x0, 0x0,
    0xc, 0xf4, 0x4f, 0xe5, 0x0, 0x0, 0x0, 0x0,
    0x37, 0xb6, 0xfa, 0x0, 0x3e, 0xff, 0xdc, 0xbc,
    0xde, 0xff, 0xf9, 0xd, 0x20, 0x0, 0x7, 0xce,
    0xff, 0xff, 0xff, 0xfe, 0x60, 0x10, 0x0, 0x0,
    0x0, 0x0, 0x11, 0x10, 0x0, 0x0,

    /* U+91CD "重" */
    0x0, 0x0, 0x0, 0x0, 0x1, 0x24, 0x57, 0x9b,
    0x40, 0x0, 0x0, 0x3d, 0xde, 0xff, 0xff, 0xff,
    0xff, 0xfd, 0x90, 0x0, 0x0, 0x1a, 0xa9, 0x98,
    0x8f, 0xe4, 0x31, 0x0, 0x0, 0x0, 0x5, 0x66,
    0x66, 0x66, 0x6f, 0xe6, 0x66, 0x66, 0x66, 0x50,
    0xe, 0xff, 0xff, 0xff, 0xff, 0xff, 0xff, 0xff,
    0xff, 0xe0, 0x0, 0x0, 0x0, 0x0, 0x1f, 0xd0,
    0x0, 0x0, 0x0, 0x0, 0x0, 0xd, 0xff, 0xff,
    0xff, 0xff, 0xff, 0xff, 0xf0, 0x0, 0x0, 0xd,
    0xf5, 0x55, 0x5f, 0xe5, 0x55, 0x5e, 0xf0, 0x0,
    0x0, 0xd, 0xf3, 0x33, 0x4f, 0xe3, 0x33, 0x3e,
    0xf0, 0x0, 0x0, 0xd, 0xff, 0xff, 0xff, 0xff,
    0xff, 0xff, 0xf0, 0x0, 0x0, 0xd, 0xf0, 0x0,
    0xf, 0xd0, 0x0, 0xe, 0xf0, 0x0, 0x0, 0xd,
    0xff, 0xff, 0xff, 0xff, 0xff, 0xff, 0xf0, 0x0,
    0x0, 0x4, 0x55, 0x55, 0x5f, 0xe5, 0x55, 0x55,
    0x50, 0x0, 0x0, 0x25, 0x55, 0x55, 0x5f, 0xe5,
    0x55, 0x55, 0x54, 0x0, 0x0, 0x8f, 0xff, 0xff,
    0xff, 0xff, 0xff, 0xff, 0xfc, 0x0, 0x0, 0x11,
    0x11, 0x11, 0x2f, 0xe1, 0x11, 0x11, 0x11, 0x0,
    0x7, 0x77, 0x77, 0x77, 0x7f, 0xe7, 0x77, 0x77,
    0x77, 0x70, 0xf, 0xff, 0xff, 0xff, 0xff, 0xff,
    0xff, 0xff, 0xff, 0xf0, 0x0, 0x0, 0x0, 0x0,
    0x0, 0x0, 0x0, 0x0, 0x0, 0x0,

    /* U+9635 "阵" */
    0x11, 0x11, 0x10, 0x0, 0x0, 0x8c, 0x40, 0x0,
    0x0, 0x9, 0xff, 0xff, 0xe3, 0x0, 0xd, 0xf3,
    0x0, 0x0, 0x0, 0x9f, 0xa9, 0xef, 0x5a, 0xab,
    0xff, 0xba, 0xaa, 0xa8, 0x9, 0xf2, 0xe, 0xd4,
    0xff, 0xff, 0xff, 0xff, 0xff, 0xc0, 0x9f, 0x23,
    0xf7, 0x0, 0xc, 0xf3, 0x0, 0x0, 0x0, 0x9,
    0xf2, 0x7f, 0x10, 0x2, 0xfc, 0x0, 0x0, 0x0,
    0x0, 0x9f, 0x2b, 0xb0, 0x0, 0x9f, 0x50, 0xfd,
    0x0, 0x0, 0x9, 0xf2, 0xae, 0x10, 0x1f, 0xd0,
    0xf, 0xd0, 0x0, 0x0, 0x9f, 0x21, 0xf9, 0xb,
    0xfe, 0xbb, 0xff, 0xbb, 0xb6, 0x9, 0xf2, 0xb,
    0xf0, 0xaf, 0xff, 0xff, 0xff, 0xff, 0x90, 0x9f,
    0x20, 0x8f, 0x12, 0x20, 0x0, 0xfd, 0x0, 0x0,
    0x9, 0xf2, 0x9, 0xf3, 0x0, 0x0, 0xf, 0xd0,
    0x0, 0x0, 0x9f, 0x4a, 0xff, 0x10, 0x0, 0x0,
    0xfd, 0x0, 0x0, 0x9, 0xf2, 0xef, 0x77, 0xcc,
    0xcc, 0xcf, 0xfc, 0xcc, 0xc1, 0x9f, 0x21, 0x0,
    0x8f, 0xff, 0xff, 0xff, 0xff, 0xff, 0x19, 0xf2,
    0x0, 0x0, 0x0, 0x0, 0xf, 0xd0, 0x0, 0x0,
    0x9f, 0x20, 0x0, 0x0, 0x0, 0x0, 0xfd, 0x0,
    0x0, 0x9, 0xf2, 0x0, 0x0, 0x0, 0x0, 0xf,
    0xd0, 0x0, 0x0, 0x9f, 0x20, 0x0, 0x0, 0x0,
    0x0, 0xfd, 0x0, 0x0, 0x0,

    /* U+9898 "题" */
    0x0, 0x0, 0x0, 0x0, 0x0, 0x0, 0x0, 0x0,
    0x0, 0x0, 0x0, 0xff, 0xff, 0xff, 0xf1, 0xff,
    0xff, 0xff, 0xff, 0xf6, 0x0, 0xfc, 0x33, 0x3c,
    0xf0, 0x77, 0x7c, 0xfa, 0x77, 0x73, 0x0, 0xfc,
    0x44, 0x4c, 0xf0, 0x0, 0xd, 0xe0, 0x0, 0x0,
    0x0, 0xff, 0xff, 0xff, 0xf0, 0x39, 0x9f, 0xd9,
    0x99, 0x50, 0x0, 0xfb, 0x0, 0xb, 0xf0, 0x5f,
    0xba, 0xaa, 0xbf, 0x80, 0x0, 0xff, 0xff, 0xff,
    0xf0, 0x5f, 0x30, 0x0, 0x1f, 0x80, 0x0, 0x55,
    0x55, 0x55, 0x50, 0x5f, 0x33, 0xb3, 0x1f, 0x80,
    0x4, 0x44, 0x44, 0x44, 0x44, 0x5f, 0x35, 0xf3,
    0x1f, 0x80, 0xf, 0xff, 0xff, 0xff, 0xff, 0x5f,
    0x36, 0xf2, 0x1f, 0x80, 0x1, 0x21, 0x3f, 0x81,
    0x11, 0x5f, 0x37, 0xf1, 0x1f, 0x80, 0x0, 0xdb,
    0x2f, 0x70, 0x0, 0x5f, 0x3b, 0xe0, 0x1f, 0x80,
    0x0, 0xea, 0x2f, 0xff, 0xf9, 0x39, 0x2f, 0xa4,
    0x18, 0x40, 0x0, 0xfa, 0x2f, 0xb7, 0x74, 0x0,
    0xaf, 0x8f, 0xd2, 0x0, 0x1, 0xff, 0x4f, 0x70,
    0x0, 0x9, 0xfd, 0x5, 0xff, 0x40, 0x3, 0xff,
    0xef, 0x70, 0x7, 0xef, 0xd1, 0x0, 0x4f, 0xf2,
    0x8, 0xf4, 0xef, 0x90, 0x5, 0xe8, 0x0, 0x0,
    0x4, 0xb0, 0xe, 0xc0, 0x3d, 0xff, 0xca, 0x98,
    0x88, 0x88, 0x88, 0x84, 0x3f, 0x50, 0x0, 0x59,
    0xce, 0xff, 0xff, 0xff, 0xff, 0xf2, 0x2, 0x0,
    0x0, 0x0, 0x0, 0x0, 0x0, 0x0, 0x0, 0x0,

    /* U+98DE "飞" */
    0xee, 0xee, 0xee, 0xee, 0xee, 0xee, 0x10, 0x0,
    0x0, 0xf, 0xff, 0xff, 0xff, 0xff, 0xff, 0xf2,
    0x0, 0x22, 0x0, 0x0, 0x0, 0x0, 0x0, 0x0,
    0xcf, 0x20, 0x1d, 0xf4, 0x0, 0x0, 0x0, 0x0,
    0x0, 0xb, 0xf3, 0xc, 0xf9, 0x0, 0x0, 0x0,
    0x0, 0x0, 0x0, 0xbf, 0x4c, 0xfa, 0x0, 0x0,
    0x0, 0x0, 0x0, 0x0, 0xa, 0xfe, 0xf9, 0x0,
    0x0, 0x0, 0x0, 0x0, 0x0, 0x0, 0x9f, 0xf9,
    0x0, 0x0, 0x0, 0x0, 0x0, 0x0, 0x0, 0x8,
    0xff, 0xf8, 0x0, 0x0, 0x0, 0x0, 0x0, 0x0,
    0x0, 0x7f, 0xbe, 0xfe, 0x40, 0x0, 0x0, 0x0,
    0x0, 0x0, 0x5, 0xf9, 0x9, 0xff, 0x70, 0x0,
    0x0, 0x0, 0x0, 0x0, 0x3f, 0xb0, 0x4, 0xe5,
    0x0, 0x0, 0x0, 0x0, 0x0, 0x0, 0xfe, 0x0,
    0x1, 0x0, 0x0, 0x0, 0x0, 0x0, 0x0, 0xd,
    0xf2, 0x0, 0x30, 0x0, 0x0, 0x0, 0x0, 0x0,
    0x0, 0x9f, 0x60, 0x6, 0xd0, 0x0, 0x0, 0x0,
    0x0, 0x0, 0x3, 0xfd, 0x0, 0x8f, 0x0, 0x0,
    0x0, 0x0, 0x0, 0x0, 0xd, 0xfa, 0x1b, 0xd0,
    0x0, 0x0, 0x0, 0x0, 0x0, 0x0, 0x2f, 0xff,
    0xf9, 0x0, 0x0, 0x0, 0x0, 0x0, 0x0, 0x0,
    0x2b, 0xec, 0x10,

    /* U+9AD8 "高" */
    0x0, 0x0, 0x0, 0x3, 0xc9, 0x0, 0x0, 0x0,
    0x0, 0x0, 0x0, 0x0, 0x1, 0xff, 0x0, 0x0,
    0x0, 0x0, 0xde, 0xee, 0xee, 0xee, 0xff, 0xee,
    0xee, 0xee, 0xea, 0xab, 0xbb, 0xbb, 0xbb, 0xbb,
    0xbb, 0xbb, 0xbb, 0xb8, 0x0, 0x4, 0x44, 0x44,
    0x44, 0x44, 0x44, 0x40, 0x0, 0x0, 0xf, 0xff,
    0xff, 0xff, 0xff, 0xff, 0xf1, 0x0, 0x0, 0xf,
    0xd0, 0x0, 0x0, 0x0, 0xe, 0xf1, 0x0, 0x0,
    0xf, 0xe5, 0x55, 0x55, 0x55, 0x5e, 0xf1, 0x0,
    0x0, 0xf, 0xff, 0xff, 0xff, 0xff, 0xff, 0xf1,
    0x0, 0x0, 0x0, 0x0, 0x0, 0x0, 0x0, 0x0,
    0x0, 0x0, 0x4f, 0xff, 0xff, 0xff, 0xff, 0xff,
    0xff, 0xff, 0xf2, 0x4f, 0xc8, 0x88, 0x88, 0x88,
    0x88, 0x88, 0x8d, 0xf2, 0x4f, 0x90, 0x36, 0x66,
    0x66, 0x66, 0x60, 0xb, 0xf2, 0x4f, 0x90, 0x7f,
    0xfe, 0xee, 0xef, 0xf1, 0xb, 0xf2, 0x4f, 0x90,
    0x7f, 0x40, 0x0, 0x8, 0xf1, 0xb, 0xf2, 0x4f,
    0x90, 0x7f, 0xfe, 0xee, 0xef, 0xf1, 0xb, 0xf2,
    0x4f, 0x90, 0x7f, 0x96, 0x66, 0x66, 0x60, 0xb,
    0xf2, 0x4f, 0x90, 0x6c, 0x30, 0x0, 0x0, 0x8,
    0x8f, 0xf1, 0x4f, 0x90, 0x0, 0x0, 0x0, 0x0,
    0xa, 0xdb, 0x60,

    /* U+9E1F "鸟" */
    0x0, 0x0, 0x0, 0x0, 0x7d, 0x80, 0x0, 0x0,
    0x0, 0x0, 0x0, 0x0, 0x0, 0xc, 0xf4, 0x0,
    0x0, 0x0, 0x0, 0x0, 0x7, 0xff, 0xff, 0xff,
    0xff, 0xff, 0xff, 0x60, 0x0, 0x0, 0x7f, 0xc9,
    0x99, 0x99, 0x99, 0x9c, 0xf5, 0x0, 0x0, 0x7,
    0xf5, 0x6, 0x20, 0x0, 0x0, 0x8f, 0x30, 0x0,
    0x0, 0x7f, 0x52, 0xff, 0xb2, 0x0, 0xa, 0xf1,
    0x0, 0x0, 0x7, 0xf5, 0x1, 0x8f, 0xf5, 0x11,
    0xef, 0x0, 0x0, 0x0, 0x7f, 0x50, 0x0, 0x28,
    0xf, 0xff, 0xa0, 0x0, 0x0, 0x7, 0xf5, 0x0,
    0x0, 0x0, 0x68, 0x60, 0x0, 0x0, 0x0, 0x7f,
    0xca, 0xaa, 0xaa, 0xaa, 0xaa, 0xaa, 0xa4, 0x0,
    0x7, 0xff, 0xff, 0xff, 0xff, 0xff, 0xff, 0xff,
    0x50, 0x0, 0x0, 0x0, 0x0, 0x0, 0x0, 0x0,
    0x9, 0xf4, 0x0, 0x0, 0x0, 0x0, 0x0, 0x0,
    0x0, 0x0, 0xaf, 0x30, 0xff, 0xff, 0xff, 0xff,
    0xff, 0xff, 0xf7, 0xb, 0xf2, 0xa, 0xaa, 0xaa,
    0xaa, 0xaa, 0xaa, 0xaa, 0x50, 0xdf, 0x0, 0x0,
    0x0, 0x0, 0x0, 0x0, 0x0, 0x0, 0xf, 0xe0,
    0x0, 0x0, 0x0, 0x0, 0x0, 0x0, 0x0, 0x3,
    0xfb, 0x0, 0x0, 0x0, 0x0, 0x0, 0x0, 0x4,
    0xaa, 0xef, 0x70, 0x0, 0x0, 0x0, 0x0, 0x0,
    0x0, 0x1f, 0xff, 0xa0, 0x0, 0x0, 0x0, 0x0,
    0x0, 0x0, 0x0, 0x0, 0x0, 0x0
};


/*---------------------
 *  GLYPH DESCRIPTION
 *--------------------*/

static const lv_font_fmt_txt_glyph_dsc_t glyph_dsc[] = {
    {.bitmap_index = 0, .adv_w = 0, .box_w = 0, .box_h = 0, .ofs_x = 0, .ofs_y = 0} /* id = 0 reserved */,
    {.bitmap_index = 0, .adv_w = 72, .box_w = 0, .box_h = 0, .ofs_x = 0, .ofs_y = 0},
    {.bitmap_index = 0, .adv_w = 110, .box_w = 4, .box_h = 14, .ofs_x = 1, .ofs_y = 0},
    {.bitmap_index = 28, .adv_w = 166, .box_w = 8, .box_h = 7, .ofs_x = 1, .ofs_y = 8},
    {.bitmap_index = 56, .adv_w = 182, .box_w = 11, .box_h = 14, .ofs_x = 0, .ofs_y = 0},
    {.bitmap_index = 133, .adv_w = 182, .box_w = 10, .box_h = 19, .ofs_x = 1, .ofs_y = -2},
    {.bitmap_index = 228, .adv_w = 300, .box_w = 19, .box_h = 14, .ofs_x = 0, .ofs_y = 0},
    {.bitmap_index = 361, .adv_w = 226, .box_w = 14, .box_h = 14, .ofs_x = 0, .ofs_y = 0},
    {.bitmap_index = 459, .adv_w = 95, .box_w = 4, .box_h = 7, .ofs_x = 1, .ofs_y = 8},
    {.bitmap_index = 473, .adv_w = 114, .box_w = 6, .box_h = 21, .ofs_x = 1, .ofs_y = -4},
    {.bitmap_index = 536, .adv_w = 114, .box_w = 6, .box_h = 21, .ofs_x = 0, .ofs_y = -4},
    {.bitmap_index = 599, .adv_w = 155, .box_w = 8, .box_h = 7, .ofs_x = 1, .ofs_y = 8},
    {.bitmap_index = 627, .adv_w = 182, .box_w = 11, .box_h = 11, .ofs_x = 0, .ofs_y = 2},
    {.bitmap_index = 688, .adv_w = 95, .box_w = 4, .box_h = 7, .ofs_x = 1, .ofs_y = -4},
    {.bitmap_index = 702, .adv_w = 114, .box_w = 7, .box_h = 2, .ofs_x = 0, .ofs_y = 5},
    {.bitmap_index = 709, .adv_w = 95, .box_w = 4, .box_h = 4, .ofs_x = 1, .ofs_y = 0},
    {.bitmap_index = 717, .adv_w = 125, .box_w = 8, .box_h = 19, .ofs_x = 0, .ofs_y = -4},
    {.bitmap_index = 793, .adv_w = 182, .box_w = 11, .box_h = 14, .ofs_x = 0, .ofs_y = 0},
    {.bitmap_index = 870, .adv_w = 182, .box_w = 10, .box_h = 14, .ofs_x = 1, .ofs_y = 0},
    {.bitmap_index = 940, .adv_w = 182, .box_w = 11, .box_h = 14, .ofs_x = 0, .ofs_y = 0},
    {.bitmap_index = 1017, .adv_w = 182, .box_w = 11, .box_h = 14, .ofs_x = 0, .ofs_y = 0},
    {.bitmap_index = 1094, .adv_w = 182, .box_w = 11, .box_h = 14, .ofs_x = 0, .ofs_y = 0},
    {.bitmap_index = 1171, .adv_w = 182, .box_w = 11, .box_h = 14, .ofs_x = 0, .ofs_y = 0},
    {.bitmap_index = 1248, .adv_w = 182, .box_w = 10, .box_h = 14, .ofs_x = 1, .ofs_y = 0},
    {.bitmap_index = 1318, .adv_w = 182, .box_w = 10, .box_h = 14, .ofs_x = 1, .ofs_y = 0},
    {.bitmap_index = 1388, .adv_w = 182, .box_w = 11, .box_h = 14, .ofs_x = 0, .ofs_y = 0},
    {.bitmap_index = 1465, .adv_w = 182, .box_w = 11, .box_h = 14, .ofs_x = 0, .ofs_y = 0},
    {.bitmap_index = 1542, .adv_w = 95, .box_w = 4, .box_h = 11, .ofs_x = 1, .ofs_y = 0},
    {.bitmap_index = 1564, .adv_w = 95, .box_w = 4, .box_h = 15, .ofs_x = 1, .ofs_y = -4},
    {.bitmap_index = 1594, .adv_w = 182, .box_w = 11, .box_h = 10, .ofs_x = 0, .ofs_y = 2},
    {.bitmap_index = 1649, .adv_w = 182, .box_w = 11, .box_h = 7, .ofs_x = 0, .ofs_y = 4},
    {.bitmap_index = 1688, .adv_w = 182, .box_w = 11, .box_h = 10, .ofs_x = 0, .ofs_y = 2},
    {.bitmap_index = 1743, .adv_w = 157, .box_w = 9, .box_h = 14, .ofs_x = 0, .ofs_y = 0},
    {.bitmap_index = 1806, .adv_w = 311, .box_w = 18, .box_h = 19, .ofs_x = 1, .ofs_y = -5},
    {.bitmap_index = 1977, .adv_w = 199, .box_w = 13, .box_h = 14, .ofs_x = 0, .ofs_y = 0},
    {.bitmap_index = 2068, .adv_w = 213, .box_w = 12, .box_h = 14, .ofs_x = 1, .ofs_y = 0},
    {.bitmap_index = 2152, .adv_w = 207, .box_w = 12, .box_h = 14, .ofs_x = 1, .ofs_y = 0},
    {.bitmap_index = 2236, .adv_w = 224, .box_w = 12, .box_h = 14, .ofs_x = 1, .ofs_y = 0},
    {.bitmap_index = 2320, .adv_w = 192, .box_w = 10, .box_h = 14, .ofs_x = 1, .ofs_y = 0},
    {.bitmap_index = 2390, .adv_w = 181, .box_w = 10, .box_h = 14, .ofs_x = 1, .ofs_y = 0},
    {.bitmap_index = 2460, .adv_w = 224, .box_w = 12, .box_h = 14, .ofs_x = 1, .ofs_y = 0},
    {.bitmap_index = 2544, .adv_w = 237, .box_w = 12, .box_h = 14, .ofs_x = 1, .ofs_y = 0},
    {.bitmap_index = 2628, .adv_w = 99, .box_w = 4, .box_h = 14, .ofs_x = 1, .ofs_y = 0},
    {.bitmap_index = 2656, .adv_w = 176, .box_w = 10, .box_h = 14, .ofs_x = 0, .ofs_y = 0},
    {.bitmap_index = 2726, .adv_w = 212, .box_w = 13, .box_h = 14, .ofs_x = 1, .ofs_y = 0},
    {.bitmap_index = 2817, .adv_w = 179, .box_w = 10, .box_h = 14, .ofs_x = 1, .ofs_y = 0},
    {.bitmap_index = 2887, .adv_w = 266, .box_w = 14, .box_h = 14, .ofs_x = 1, .ofs_y = 0},
    {.bitmap_index = 2985, .adv_w = 235, .box_w = 12, .box_h = 14, .ofs_x = 1, .ofs_y = 0},
    {.bitmap_index = 3069, .adv_w = 241, .box_w = 13, .box_h = 14, .ofs_x = 1, .ofs_y = 0},
    {.bitmap_index = 3160, .adv_w = 207, .box_w = 12, .box_h = 14, .ofs_x = 1, .ofs_y = 0},
    {.bitmap_index = 3244, .adv_w = 241, .box_w = 14, .box_h = 18, .ofs_x = 1, .ofs_y = -4},
    {.bitmap_index = 3370, .adv_w = 210, .box_w = 12, .box_h = 14, .ofs_x = 1, .ofs_y = 0},
    {.bitmap_index = 3454, .adv_w = 195, .box_w = 12, .box_h = 14, .ofs_x = 0, .ofs_y = 0},
    {.bitmap_index = 3538, .adv_w = 196, .box_w = 12, .box_h = 14, .ofs_x = 0, .ofs_y = 0},
    {.bitmap_index = 3622, .adv_w = 235, .box_w = 12, .box_h = 14, .ofs_x = 1, .ofs_y = 0},
    {.bitmap_index = 3706, .adv_w = 190, .box_w = 13, .box_h = 14, .ofs_x = -1, .ofs_y = 0},
    {.bitmap_index = 3797, .adv_w = 286, .box_w = 18, .box_h = 14, .ofs_x = 0, .ofs_y = 0},
    {.bitmap_index = 3923, .adv_w = 191, .box_w = 12, .box_h = 14, .ofs_x = 0, .ofs_y = 0},
    {.bitmap_index = 4007, .adv_w = 177, .box_w = 13, .box_h = 14, .ofs_x = -1, .ofs_y = 0},
    {.bitmap_index = 4098, .adv_w = 194, .box_w = 12, .box_h = 14, .ofs_x = 0, .ofs_y = 0},
    {.bitmap_index = 4182, .adv_w = 114, .box_w = 5, .box_h = 20, .ofs_x = 2, .ofs_y = -5},
    {.bitmap_index = 4232, .adv_w = 125, .box_w = 8, .box_h = 19, .ofs_x = 0, .ofs_y = -4},
    {.bitmap_index = 4308, .adv_w = 114, .box_w = 6, .box_h = 20, .ofs_x = 0, .ofs_y = -5},
    {.bitmap_index = 4368, .adv_w = 182, .box_w = 10, .box_h = 9, .ofs_x = 1, .ofs_y = 6},
    {.bitmap_index = 4413, .adv_w = 180, .box_w = 11, .box_h = 3, .ofs_x = 0, .ofs_y = -4},
    {.bitmap_index = 4430, .adv_w = 197, .box_w = 6, .box_h = 6, .ofs_x = 2, .ofs_y = 12},
    {.bitmap_index = 4448, .adv_w = 184, .box_w = 9, .box_h = 11, .ofs_x = 1, .ofs_y = 0},
    {.bitmap_index = 4498, .adv_w = 201, .box_w = 11, .box_h = 15, .ofs_x = 1, .ofs_y = 0},
    {.bitmap_index = 4581, .adv_w = 165, .box_w = 10, .box_h = 11, .ofs_x = 0, .ofs_y = 0},
    {.bitmap_index = 4636, .adv_w = 202, .box_w = 10, .box_h = 15, .ofs_x = 1, .ofs_y = 0},
    {.bitmap_index = 4711, .adv_w = 181, .box_w = 11, .box_h = 11, .ofs_x = 0, .ofs_y = 0},
    {.bitmap_index = 4772, .adv_w = 111, .box_w = 8, .box_h = 15, .ofs_x = 0, .ofs_y = 0},
    {.bitmap_index = 4832, .adv_w = 185, .box_w = 12, .box_h = 15, .ofs_x = 0, .ofs_y = -4},
    {.bitmap_index = 4922, .adv_w = 199, .box_w = 10, .box_h = 15, .ofs_x = 1, .ofs_y = 0},
    {.bitmap_index = 4997, .adv_w = 92, .box_w = 4, .box_h = 15, .ofs_x = 1, .ofs_y = 0},
    {.bitmap_index = 5027, .adv_w = 92, .box_w = 6, .box_h = 19, .ofs_x = -1, .ofs_y = -4},
    {.bitmap_index = 5084, .adv_w = 184, .box_w = 11, .box_h = 15, .ofs_x = 1, .ofs_y = 0},
    {.bitmap_index = 5167, .adv_w = 95, .box_w = 5, .box_h = 15, .ofs_x = 1, .ofs_y = 0},
    {.bitmap_index = 5205, .adv_w = 302, .box_w = 17, .box_h = 11, .ofs_x = 1, .ofs_y = 0},
    {.bitmap_index = 5299, .adv_w = 200, .box_w = 10, .box_h = 11, .ofs_x = 1, .ofs_y = 0},
    {.bitmap_index = 5354, .adv_w = 197, .box_w = 12, .box_h = 11, .ofs_x = 0, .ofs_y = 0},
    {.bitmap_index = 5420, .adv_w = 202, .box_w = 11, .box_h = 15, .ofs_x = 1, .ofs_y = -4},
    {.bitmap_index = 5503, .adv_w = 202, .box_w = 10, .box_h = 15, .ofs_x = 1, .ofs_y = -4},
    {.bitmap_index = 5578, .adv_w = 131, .box_w = 8, .box_h = 11, .ofs_x = 1, .ofs_y = 0},
    {.bitmap_index = 5622, .adv_w = 154, .box_w = 9, .box_h = 11, .ofs_x = 0, .ofs_y = 0},
    {.bitmap_index = 5672, .adv_w = 127, .box_w = 8, .box_h = 14, .ofs_x = 0, .ofs_y = 0},
    {.bitmap_index = 5728, .adv_w = 198, .box_w = 10, .box_h = 11, .ofs_x = 1, .ofs_y = 0},
    {.bitmap_index = 5783, .adv_w = 174, .box_w = 11, .box_h = 11, .ofs_x = 0, .ofs_y = 0},
    {.bitmap_index = 5844, .adv_w = 265, .box_w = 17, .box_h = 11, .ofs_x = 0, .ofs_y = 0},
    {.bitmap_index = 5938, .adv_w = 168, .box_w = 11, .box_h = 11, .ofs_x = 0, .ofs_y = 0},
    {.bitmap_index = 5999, .adv_w = 174, .box_w = 11, .box_h = 15, .ofs_x = 0, .ofs_y = -4},
    {.bitmap_index = 6082, .adv_w = 157, .box_w = 10, .box_h = 11, .ofs_x = 0, .ofs_y = 0},
    {.bitmap_index = 6137, .adv_w = 114, .box_w = 7, .box_h = 20, .ofs_x = 0, .ofs_y = -5},
    {.bitmap_index = 6207, .adv_w = 90, .box_w = 2, .box_h = 22, .ofs_x = 2, .ofs_y = -5},
    {.bitmap_index = 6229, .adv_w = 114, .box_w = 7, .box_h = 20, .ofs_x = 0, .ofs_y = -5},
    {.bitmap_index = 6299, .adv_w = 182, .box_w = 11, .box_h = 4, .ofs_x = 0, .ofs_y = 6},
    {.bitmap_index = 6321, .adv_w = 320, .box_w = 6, .box_h = 5, .ofs_x = 7, .ofs_y = 5},
    {.bitmap_index = 6336, .adv_w = 320, .box_w = 18, .box_h = 19, .ofs_x = 1, .ofs_y = -2},
    {.bitmap_index = 6507, .adv_w = 320, .box_w = 18, .box_h = 18, .ofs_x = 1, .ofs_y = -2},
    {.bitmap_index = 6669, .adv_w = 320, .box_w = 20, .box_h = 18, .ofs_x = 0, .ofs_y = -1},
    {.bitmap_index = 6849, .adv_w = 320, .box_w = 18, .box_h = 18, .ofs_x = 1, .ofs_y = -2},
    {.bitmap_index = 7011, .adv_w = 320, .box_w = 18, .box_h = 18, .ofs_x = 1, .ofs_y = -1},
    {.bitmap_index = 7173, .adv_w = 320, .box_w = 18, .box_h = 18, .ofs_x = 1, .ofs_y = -2},
    {.bitmap_index = 7335, .adv_w = 320, .box_w = 20, .box_h = 20, .ofs_x = 0, .ofs_y = -3},
    {.bitmap_index = 7535, .adv_w = 320, .box_w = 20, .box_h = 20, .ofs_x = 0, .ofs_y = -3},
    {.bitmap_index = 7735, .adv_w = 320, .box_w = 20, .box_h = 20, .ofs_x = 0, .ofs_y = -3},
    {.bitmap_index = 7935, .adv_w = 320, .box_w = 20, .box_h = 19, .ofs_x = 0, .ofs_y = -2},
    {.bitmap_index = 8125, .adv_w = 320, .box_w = 17, .box_h = 19, .ofs_x = 1, .ofs_y = -2},
    {.bitmap_index = 8287, .adv_w = 320, .box_w = 18, .box_h = 19, .ofs_x = 1, .ofs_y = -2},
    {.bitmap_index = 8458, .adv_w = 320, .box_w = 20, .box_h = 20, .ofs_x = 0, .ofs_y = -3},
    {.bitmap_index = 8658, .adv_w = 320, .box_w = 19, .box_h = 20, .ofs_x = 0, .ofs_y = -3},
    {.bitmap_index = 8848, .adv_w = 320, .box_w = 18, .box_h = 20, .ofs_x = 1, .ofs_y = -3},
    {.bitmap_index = 9028, .adv_w = 320, .box_w = 18, .box_h = 18, .ofs_x = 1, .ofs_y = -2},
    {.bitmap_index = 9190, .adv_w = 320, .box_w = 20, .box_h = 20, .ofs_x = 0, .ofs_y = -2},
    {.bitmap_index = 9390, .adv_w = 320, .box_w = 16, .box_h = 17, .ofs_x = 2, .ofs_y = -2},
    {.bitmap_index = 9526, .adv_w = 320, .box_w = 19, .box_h = 19, .ofs_x = 1, .ofs_y = -3},
    {.bitmap_index = 9707, .adv_w = 320, .box_w = 19, .box_h = 19, .ofs_x = 0, .ofs_y = -2},
    {.bitmap_index = 9888, .adv_w = 320, .box_w = 19, .box_h = 19, .ofs_x = 1, .ofs_y = -2},
    {.bitmap_index = 10069, .adv_w = 320, .box_w = 20, .box_h = 20, .ofs_x = 0, .ofs_y = -2},
    {.bitmap_index = 10269, .adv_w = 320, .box_w = 18, .box_h = 21, .ofs_x = 1, .ofs_y = -3},
    {.bitmap_index = 10458, .adv_w = 320, .box_w = 20, .box_h = 20, .ofs_x = 0, .ofs_y = -2},
    {.bitmap_index = 10658, .adv_w = 320, .box_w = 18, .box_h = 19, .ofs_x = 1, .ofs_y = -2},
    {.bitmap_index = 10829, .adv_w = 320, .box_w = 20, .box_h = 19, .ofs_x = 0, .ofs_y = -2},
    {.bitmap_index = 11019, .adv_w = 320, .box_w = 20, .box_h = 19, .ofs_x = 0, .ofs_y = -2},
    {.bitmap_index = 11209, .adv_w = 320, .box_w = 19, .box_h = 19, .ofs_x = 1, .ofs_y = -2},
    {.bitmap_index = 11390, .adv_w = 320, .box_w = 20, .box_h = 19, .ofs_x = 0, .ofs_y = -2},
    {.bitmap_index = 11580, .adv_w = 320, .box_w = 18, .box_h = 20, .ofs_x = 1, .ofs_y = -2},
    {.bitmap_index = 11760, .adv_w = 320, .box_w = 20, .box_h = 19, .ofs_x = 0, .ofs_y = -2},
    {.bitmap_index = 11950, .adv_w = 320, .box_w = 19, .box_h = 19, .ofs_x = 0, .ofs_y = -3},
    {.bitmap_index = 12131, .adv_w = 320, .box_w = 19, .box_h = 19, .ofs_x = 0, .ofs_y = -2},
    {.bitmap_index = 12312, .adv_w = 320, .box_w = 20, .box_h = 19, .ofs_x = 0, .ofs_y = -2},
    {.bitmap_index = 12502, .adv_w = 320, .box_w = 20, .box_h = 20, .ofs_x = 0, .ofs_y = -3},
    {.bitmap_index = 12702, .adv_w = 320, .box_w = 20, .box_h = 19, .ofs_x = 0, .ofs_y = -3},
    {.bitmap_index = 12892, .adv_w = 320, .box_w = 20, .box_h = 20, .ofs_x = 0, .ofs_y = -3},
    {.bitmap_index = 13092, .adv_w = 320, .box_w = 20, .box_h = 20, .ofs_x = 0, .ofs_y = -3},
    {.bitmap_index = 13292, .adv_w = 320, .box_w = 20, .box_h = 20, .ofs_x = 0, .ofs_y = -3},
    {.bitmap_index = 13492, .adv_w = 320, .box_w = 20, .box_h = 20, .ofs_x = 0, .ofs_y = -3},
    {.bitmap_index = 13692, .adv_w = 320, .box_w = 20, .box_h = 19, .ofs_x = 0, .ofs_y = -2},
    {.bitmap_index = 13882, .adv_w = 320, .box_w = 20, .box_h = 21, .ofs_x = 0, .ofs_y = -3},
    {.bitmap_index = 14092, .adv_w = 320, .box_w = 20, .box_h = 20, .ofs_x = 0, .ofs_y = -3},
    {.bitmap_index = 14292, .adv_w = 320, .box_w = 20, .box_h = 20, .ofs_x = 0, .ofs_y = -3},
    {.bitmap_index = 14492, .adv_w = 320, .box_w = 20, .box_h = 19, .ofs_x = 0, .ofs_y = -2},
    {.bitmap_index = 14682, .adv_w = 320, .box_w = 20, .box_h = 20, .ofs_x = 0, .ofs_y = -3},
    {.bitmap_index = 14882, .adv_w = 320, .box_w = 20, .box_h = 20, .ofs_x = 0, .ofs_y = -3},
    {.bitmap_index = 15082, .adv_w = 320, .box_w = 20, .box_h = 19, .ofs_x = 0, .ofs_y = -2},
    {.bitmap_index = 15272, .adv_w = 320, .box_w = 20, .box_h = 20, .ofs_x = 0, .ofs_y = -3},
    {.bitmap_index = 15472, .adv_w = 320, .box_w = 20, .box_h = 21, .ofs_x = 0, .ofs_y = -3},
    {.bitmap_index = 15682, .adv_w = 320, .box_w = 19, .box_h = 21, .ofs_x = 0, .ofs_y = -3},
    {.bitmap_index = 15882, .adv_w = 320, .box_w = 20, .box_h = 20, .ofs_x = 0, .ofs_y = -3},
    {.bitmap_index = 16082, .adv_w = 320, .box_w = 20, .box_h = 19, .ofs_x = 0, .ofs_y = -2},
    {.bitmap_index = 16272, .adv_w = 320, .box_w = 20, .box_h = 19, .ofs_x = 0, .ofs_y = -2},
    {.bitmap_index = 16462, .adv_w = 320, .box_w = 20, .box_h = 20, .ofs_x = 0, .ofs_y = -3},
    {.bitmap_index = 16662, .adv_w = 320, .box_w = 20, .box_h = 19, .ofs_x = 0, .ofs_y = -2},
    {.bitmap_index = 16852, .adv_w = 320, .box_w = 20, .box_h = 20, .ofs_x = 0, .ofs_y = -3},
    {.bitmap_index = 17052, .adv_w = 320, .box_w = 20, .box_h = 20, .ofs_x = 0, .ofs_y = -3},
    {.bitmap_index = 17252, .adv_w = 320, .box_w = 20, .box_h = 19, .ofs_x = 0, .ofs_y = -2},
    {.bitmap_index = 17442, .adv_w = 320, .box_w = 20, .box_h = 20, .ofs_x = 0, .ofs_y = -3},
    {.bitmap_index = 17642, .adv_w = 320, .box_w = 20, .box_h = 19, .ofs_x = 0, .ofs_y = -2},
    {.bitmap_index = 17832, .adv_w = 320, .box_w = 14, .box_h = 18, .ofs_x = 3, .ofs_y = -2},
    {.bitmap_index = 17958, .adv_w = 320, .box_w = 20, .box_h = 19, .ofs_x = 0, .ofs_y = -2},
    {.bitmap_index = 18148, .adv_w = 320, .box_w = 20, .box_h = 19, .ofs_x = 0, .ofs_y = -2},
    {.bitmap_index = 18338, .adv_w = 320, .box_w = 20, .box_h = 20, .ofs_x = 0, .ofs_y = -3},
    {.bitmap_index = 18538, .adv_w = 320, .box_w = 19, .box_h = 20, .ofs_x = 0, .ofs_y = -2},
    {.bitmap_index = 18728, .adv_w = 320, .box_w = 20, .box_h = 21, .ofs_x = 0, .ofs_y = -3},
    {.bitmap_index = 18938, .adv_w = 320, .box_w = 20, .box_h = 20, .ofs_x = 0, .ofs_y = -2},
    {.bitmap_index = 19138, .adv_w = 320, .box_w = 20, .box_h = 19, .ofs_x = 0, .ofs_y = -2},
    {.bitmap_index = 19328, .adv_w = 320, .box_w = 19, .box_h = 19, .ofs_x = 0, .ofs_y = -2},
    {.bitmap_index = 19509, .adv_w = 320, .box_w = 20, .box_h = 20, .ofs_x = 0, .ofs_y = -2},
    {.bitmap_index = 19709, .adv_w = 320, .box_w = 17, .box_h = 19, .ofs_x = 1, .ofs_y = -2},
    {.bitmap_index = 19871, .adv_w = 320, .box_w = 20, .box_h = 19, .ofs_x = 0, .ofs_y = -2},
    {.bitmap_index = 20061, .adv_w = 320, .box_w = 20, .box_h = 19, .ofs_x = 0, .ofs_y = -2},
    {.bitmap_index = 20251, .adv_w = 320, .box_w = 20, .box_h = 19, .ofs_x = 0, .ofs_y = -2},
    {.bitmap_index = 20441, .adv_w = 320, .box_w = 20, .box_h = 20, .ofs_x = 0, .ofs_y = -3},
    {.bitmap_index = 20641, .adv_w = 320, .box_w = 20, .box_h = 20, .ofs_x = 0, .ofs_y = -3},
    {.bitmap_index = 20841, .adv_w = 320, .box_w = 20, .box_h = 20, .ofs_x = 0, .ofs_y = -2},
    {.bitmap_index = 21041, .adv_w = 320, .box_w = 20, .box_h = 21, .ofs_x = 0, .ofs_y = -3},
    {.bitmap_index = 21251, .adv_w = 320, .box_w = 20, .box_h = 20, .ofs_x = 0, .ofs_y = -3},
    {.bitmap_index = 21451, .adv_w = 320, .box_w = 20, .box_h = 20, .ofs_x = 0, .ofs_y = -3},
    {.bitmap_index = 21651, .adv_w = 320, .box_w = 20, .box_h = 20, .ofs_x = 0, .ofs_y = -3},
    {.bitmap_index = 21851, .adv_w = 320, .box_w = 20, .box_h = 20, .ofs_x = 0, .ofs_y = -2},
    {.bitmap_index = 22051, .adv_w = 320, .box_w = 20, .box_h = 19, .ofs_x = 0, .ofs_y = -2},
    {.bitmap_index = 22241, .adv_w = 320, .box_w = 19, .box_h = 20, .ofs_x = 0, .ofs_y = -3},
    {.bitmap_index = 22431, .adv_w = 320, .box_w = 20, .box_h = 19, .ofs_x = 0, .ofs_y = -2},
    {.bitmap_index = 22621, .adv_w = 320, .box_w = 19, .box_h = 19, .ofs_x = 1, .ofs_y = -2},
    {.bitmap_index = 22802, .adv_w = 320, .box_w = 20, .box_h = 20, .ofs_x = 0, .ofs_y = -3},
    {.bitmap_index = 23002, .adv_w = 320, .box_w = 19, .box_h = 18, .ofs_x = 1, .ofs_y = -2},
    {.bitmap_index = 23173, .adv_w = 320, .box_w = 18, .box_h = 19, .ofs_x = 1, .ofs_y = -2},
    {.bitmap_index = 23344, .adv_w = 320, .box_w = 19, .box_h = 20, .ofs_x = 0, .ofs_y = -3}
};

/*---------------------
 *  CHARACTER MAPPING
 *--------------------*/

static const uint16_t unicode_list_1[] = {
    0x0, 0x2514, 0x2518, 0x4d53, 0x4d54, 0x4d84, 0x4dcf, 0x4ea9,
    0x4f0d, 0x5092, 0x50c1, 0x5143, 0x5144, 0x514f, 0x517f, 0x51f1,
    0x52bc, 0x531a, 0x532c, 0x5338, 0x533c, 0x534c, 0x5351, 0x535a,
    0x53c6, 0x5627, 0x56a0, 0x57e2, 0x57f1, 0x5914, 0x5aa0, 0x5b4f,
    0x5b98, 0x5d2f, 0x5d9e, 0x5dbf, 0x5e49, 0x5eb2, 0x5f34, 0x6158,
    0x619c, 0x621f, 0x626a, 0x62d2, 0x62ee, 0x62f0, 0x62f1, 0x63c1,
    0x64b9, 0x64f8, 0x64f9, 0x6502, 0x6514, 0x6649, 0x66a8, 0x66c8,
    0x6750, 0x6d81, 0x6e1a, 0x7002, 0x734c, 0x7468, 0x7637, 0x763d,
    0x775f, 0x7944, 0x79c8, 0x7a92, 0x7df0, 0x7e18, 0x7e1c, 0x7e83,
    0x7ea0, 0x81bb, 0x8386, 0x8610, 0x8795, 0x892f, 0x8c73, 0x8cab,
    0x8cc0, 0x8cd3, 0x8eb5, 0x8ec4, 0x8f10, 0x8f1d, 0x9116, 0x957e,
    0x97e1, 0x9827, 0x9a21, 0x9d68
};

/*Collect the unicode lists and glyph_id offsets*/
static const lv_font_fmt_txt_cmap_t cmaps[] =
{
    {
        .range_start = 32, .range_length = 95, .glyph_id_start = 1,
        .unicode_list = NULL, .glyph_id_ofs_list = NULL, .list_length = 0, .type = LV_FONT_FMT_TXT_CMAP_FORMAT0_TINY
    },
    {
        .range_start = 183, .range_length = 40297, .glyph_id_start = 96,
        .unicode_list = unicode_list_1, .glyph_id_ofs_list = NULL, .list_length = 92, .type = LV_FONT_FMT_TXT_CMAP_SPARSE_TINY
    }
};

/*-----------------
 *    KERNING
 *----------------*/


/*Map glyph_ids to kern left classes*/
static const uint8_t kern_left_class_mapping[] =
{
    0, 0, 0, 1, 0, 0, 0, 0,
    1, 2, 0, 0, 0, 3, 4, 3,
    5, 0, 0, 0, 0, 0, 0, 0,
    0, 0, 0, 6, 6, 0, 0, 0,
    0, 0, 7, 8, 9, 10, 11, 12,
    13, 0, 0, 14, 15, 16, 0, 0,
    10, 17, 10, 18, 19, 20, 21, 22,
    23, 24, 25, 26, 2, 27, 0, 0,
    0, 0, 28, 29, 30, 0, 31, 32,
    33, 34, 0, 0, 35, 36, 34, 34,
    29, 29, 37, 38, 39, 40, 37, 41,
    42, 43, 44, 45, 2, 0, 0, 0,
    0, 0, 0, 0, 0, 0, 0, 0,
    0, 0, 0, 0, 0, 0, 0, 0,
    0, 0, 0, 0, 0, 0, 0, 0,
    0, 0, 0, 0, 0, 0, 0, 0,
    0, 0, 0, 0, 0, 0, 0, 0,
    0, 0, 0, 0, 0, 0, 0, 0,
    0, 0, 0, 0, 0, 0, 0, 0,
    0, 0, 0, 0, 0, 0, 0, 0,
    0, 0, 0, 0, 0, 0, 0, 0,
    0, 0, 0, 0, 0, 0, 0, 0,
    0, 0, 0, 0, 0, 0, 0, 0,
    0, 0, 0, 0
};

/*Map glyph_ids to kern right classes*/
static const uint8_t kern_right_class_mapping[] =
{
    0, 0, 1, 2, 0, 0, 0, 0,
    2, 0, 3, 4, 0, 5, 6, 7,
    8, 0, 0, 0, 0, 0, 0, 0,
    0, 0, 0, 9, 10, 0, 0, 0,
    11, 0, 12, 0, 13, 0, 0, 0,
    13, 0, 0, 14, 0, 0, 0, 0,
    13, 0, 13, 0, 15, 16, 17, 18,
    19, 20, 21, 22, 0, 23, 3, 0,
    0, 0, 24, 0, 25, 25, 25, 26,
    27, 0, 28, 29, 0, 0, 30, 30,
    25, 30, 25, 30, 31, 32, 33, 34,
    35, 36, 37, 38, 0, 0, 3, 0,
    0, 0, 0, 0, 0, 0, 0, 0,
    0, 0, 0, 0, 0, 0, 0, 0,
    0, 0, 0, 0, 0, 0, 0, 0,
    0, 0, 0, 0, 0, 0, 0, 0,
    0, 0, 0, 0, 0, 0, 0, 0,
    0, 0, 0, 0, 0, 0, 0, 0,
    0, 0, 0, 0, 0, 0, 0, 0,
    0, 0, 0, 0, 0, 0, 0, 0,
    0, 0, 0, 0, 0, 0, 0, 0,
    0, 0, 0, 0, 0, 0, 0, 0,
    0, 0, 0, 0, 0, 0, 0, 0,
    0, 0, 0, 0
};

/*Kern values between classes*/
static const int8_t kern_class_values[] =
{
    0, 0, 0, 0, -43, 0, -43, 0,
    0, 0, 0, -22, 0, -36, -4, 0,
    0, 0, 0, -4, 0, 0, 0, 0,
    -9, 0, 0, 0, 0, 0, -7, 0,
    0, 0, 0, 0, 0, 0, 0, 0,
    0, 0, 0, 0, 0, 0, 0, 0,
    0, 0, 0, -7, 0, 0, 0, 0,
    0, 0, 0, 0, 0, 0, 0, 0,
    0, 0, 29, 0, 0, 0, 0, 0,
    0, 0, 0, 0, 0, -38, 0, -53,
    0, 0, 0, 0, 0, 0, 0, 0,
    0, 0, 0, -36, -8, -25, -12, 0,
    -36, 0, 0, 0, -4, 0, 0, 0,
    11, 0, 0, -19, 0, -15, -9, 0,
    -7, 0, 0, 0, 0, 0, 0, 0,
    0, 0, 0, 0, 0, 0, 0, -7,
    -7, -18, 0, -7, -4, -11, -25, -7,
    0, 0, 0, 0, 0, 0, 0, 0,
    0, -9, 0, -4, 0, -5, 0, 0,
    0, 0, 0, 0, 0, 0, 0, 0,
    0, 0, 0, -14, -4, -29, 0, 0,
    0, 0, 0, 0, 0, 0, 0, -9,
    -10, 0, -4, 7, 7, 0, 0, 2,
    -7, 0, 0, 0, 0, 0, 0, 0,
    0, -15, 0, 0, 0, 0, 0, 0,
    0, 0, 0, 0, 0, 0, 0, 0,
    0, 0, -11, 0, 0, 0, 0, 0,
    0, 0, 1, 0, 0, 0, 0, 0,
    0, 0, 0, 0, 0, -22, 0, -33,
    0, 0, 0, 0, 0, 0, -11, -2,
    -4, 0, 0, -22, -5, -5, 0, 0,
    -5, -2, -14, 7, 0, -4, 0, 0,
    0, 0, 7, -5, -2, -4, -2, -2,
    -4, 0, 0, 0, 0, -11, 0, 0,
    0, 0, 0, 0, 0, 0, 0, -6,
    -5, -9, 0, -3, -2, -2, -5, -2,
    0, 0, 0, 0, 0, 0, 0, 0,
    0, -4, 0, -5, -4, -4, -5, 0,
    0, 0, 0, 0, 0, -11, 0, 0,
    0, 0, 0, 0, -11, -4, -9, -6,
    -5, -2, -2, -2, -4, -4, 0, 0,
    0, 0, -7, 0, 0, 0, 0, -11,
    -4, -5, -4, 0, -5, 0, 0, 0,
    0, -11, 0, 0, 0, -6, 0, 0,
    0, -4, 0, -16, 0, -9, 0, -4,
    -2, -7, -7, -7, 0, 0, 0, 0,
    0, 0, 0, 0, 0, 0, 0, 0,
    0, -5, 0, -4, 0, 0, 0, 0,
    0, 0, 0, 0, 0, 0, 0, 0,
    0, 0, 0, 0, 0, 0, 0, 0,
    0, 0, 0, 0, -4, 0, 0, 0,
    0, 0, 0, -9, 0, -4, 0, -12,
    -4, 0, 0, 0, 0, 0, -28, 0,
    -28, -23, 0, 0, 0, -14, -4, -49,
    -8, 0, 0, 0, 0, -9, -1, -11,
    0, -12, -5, 0, -9, 0, 0, -7,
    -8, -4, -6, -9, -7, -11, -7, -13,
    0, 0, 0, -9, 0, 0, 0, 0,
    0, 0, 0, -2, 0, 0, 0, -7,
    0, -5, -2, 0, 0, 0, 0, 0,
    0, 0, 0, 0, 0, 0, 0, 0,
    0, 0, 0, 0, 0, 0, 0, 0,
    0, 0, -9, 0, -9, 0, 0, 0,
    0, 0, 0, -14, 0, 0, 0, 0,
    0, 0, 0, 0, 0, 0, 0, 0,
    0, 0, 0, 0, 0, 0, 0, 0,
    0, 0, 0, 0, 0, -9, 0, -14,
    0, -13, 0, 0, 0, 0, -4, -4,
    -8, 0, -4, -7, -5, -5, -4, 0,
    -7, 0, 0, 0, -4, 0, 0, 0,
    -4, 0, 0, -14, -5, -9, -7, -7,
    -9, -5, 0, -38, 0, -57, 0, -18,
    0, 0, 0, 0, -14, 0, -11, 0,
    -9, -43, -11, -28, -20, 0, -28, 0,
    -29, 0, -4, -5, -2, 0, 0, 0,
    0, -8, -4, -15, -12, 0, -15, 0,
    0, 0, 0, 0, -43, -11, -43, -24,
    0, 0, 0, -18, 0, -52, -4, -8,
    0, 0, 0, -9, -4, -25, 0, -14,
    -8, 0, -9, 0, 0, 0, -4, 0,
    0, 0, 0, -5, 0, -7, 0, 0,
    0, -4, 0, -11, 0, 0, 0, 0,
    0, -2, 0, -6, -5, -5, 0, 0,
    2, -2, -2, -4, 0, -2, -4, 0,
    -2, 0, 0, 0, 0, 0, 0, 0,
    0, -4, 0, -4, 0, 0, 0, -5,
    0, 5, 0, 0, 0, 0, 0, 0,
    0, -5, -5, -7, 0, 0, 0, 0,
    -5, 0, 0, 0, 0, 0, 0, 0,
    0, 0, 0, -9, 0, 0, 0, 0,
    0, -2, 0, 0, 0, 0, -39, -25,
    -39, -30, -7, -7, 0, -14, -9, -45,
    -12, 0, 0, 0, 0, -7, -5, -18,
    0, -25, -25, -6, -25, 0, 0, -16,
    -21, -6, -16, -11, -11, -12, -11, -26,
    0, 0, 0, 0, -7, 0, -7, -10,
    0, 0, 0, -5, 0, -18, -4, 0,
    0, -2, 0, -4, -5, 0, 0, -2,
    0, 0, -4, 0, 0, 0, -2, 0,
    0, 0, 0, -4, 0, 0, 0, 0,
    0, 0, -25, -7, -25, -15, 0, 0,
    0, -5, -4, -25, -4, 0, -4, 4,
    0, 0, 0, -7, 0, -9, -6, 0,
    -8, 0, 0, -7, -5, 0, -11, -3,
    -3, -6, -3, -9, 0, 0, 0, 0,
    -12, -4, -12, -8, 0, 0, 0, 0,
    -2, -21, -2, 0, 0, 0, 0, 0,
    0, -2, 0, -5, 0, 0, -4, 0,
    0, 0, 0, 0, 0, 0, 0, 0,
    0, -4, 0, -4, 0, -4, 0, -11,
    0, 0, 0, 0, 0, 0, -7, -2,
    -5, -7, -4, 0, 0, 0, 0, 0,
    0, -4, -4, -7, 0, 0, 0, 0,
    0, -7, -4, -7, -5, -4, -7, -5,
    0, 0, 0, 0, -35, -25, -35, -22,
    -10, -10, -4, -5, -5, -36, -6, -5,
    -4, 0, 0, 0, 0, -9, 0, -25,
    -16, 0, -21, 0, 0, -14, -16, -13,
    -12, -5, -9, -12, -5, -18, 0, 0,
    0, 0, 0, -11, 0, 0, 0, 0,
    0, -2, -7, -11, -11, 0, -4, -2,
    -2, 0, -5, -5, 0, -5, -7, -7,
    -5, 0, 0, 0, 0, -5, -7, -5,
    -5, -9, -5, 0, 0, 0, 0, 0,
    0, 0, 0, 0, 0, 0, 0, 0,
    0, 0, 0, -29, -9, -18, -9, 0,
    -25, 0, 0, 0, 0, 0, 11, 0,
    25, 0, 0, 0, 0, -7, -4, 0,
    4, 0, 0, 0, 0, -18, 0, 0,
    0, 0, 0, 0, -7, 0, 0, 0,
    0, -9, 0, -7, -2, 0, -9, 0,
    0, 0, 0, 0, 0, 0, 0, 0,
    0, -5, 0, 0, 0, 0, 0, 0,
    0, -9, 0, -7, -4, 2, -4, 0,
    0, 0, -7, 0, 0, 0, 0, -21,
    0, -7, 0, -2, -18, 0, -11, -5,
    0, -1, 0, 0, 0, 0, -1, -7,
    0, -2, -2, -7, -2, -3, 0, 0,
    0, 0, 0, -9, 0, 0, 0, 0,
    0, 0, 0, 0, 0, -7, 0, -5,
    0, 0, -9, 0, 0, -4, -8, 0,
    -4, 0, 0, 0, 0, -4, 0, 2,
    2, 1, 2, 0, 0, 0, 0, -11,
    0, 4, 0, 0, 0, 0, -4, 0,
    0, -7, -7, -9, 0, -7, -4, 0,
    -11, 0, -9, -5, 0, -1, -4, 0,
    0, 0, 0, -4, 0, 0, 0, -4,
    0, 0, 4, 14, 16, 0, -20, -5,
    -20, -4, 0, 0, 9, 0, 0, 0,
    0, 16, 0, 23, 16, 11, 20, 0,
    19, -7, -4, 0, -5, 0, -4, 0,
    -2, 0, 0, 4, 0, -2, 0, -5,
    0, 0, 4, -11, 0, 0, 0, 15,
    0, 0, -14, 0, 0, 0, 0, -11,
    0, 0, 0, 0, -5, 0, 0, -6,
    -5, 0, 0, 0, 14, 0, 0, 0,
    0, -2, -2, 0, 4, -5, 0, 0,
    0, -11, 0, 0, 0, 0, 0, 0,
    -4, 0, 0, 0, 0, -9, 0, -4,
    0, 0, -7, 0, 0, 0, 0, 0,
    0, 0, 0, 0, 0, 0, 0, 0,
    0, 0, 0, 0, 0, 0, 0, -8,
    4, -20, 4, 0, 4, 4, -7, 0,
    0, 0, 0, -14, 0, 0, 0, 0,
    -5, 0, 0, -4, -8, 0, -4, 0,
    -4, 0, 0, -9, -5, 0, 0, -4,
    0, -4, 0, 0, 0, 0, 0, 0,
    0, 0, 0, 0, 0, 0, 0, 0,
    0, 0, 0, 0, 0, 0, 0, 0,
    0, 0, 0, 0, 0, 0, 3, 0,
    0, 0, 0, 0, 0, 0, 0, 0,
    0, 0, 0, -8, 0, 0, 0, 0,
    0, 0, 0, 0, 0, 0, 0, -7,
    0, -5, 0, 0, -11, 0, 0, 0,
    0, 0, 0, 0, 0, 0, 0, 0,
    0, 0, 0, 0, 0, 0, 0, 0,
    0, 0, -24, -9, -24, -11, 7, 7,
    0, -5, 0, -22, 0, 0, 0, 0,
    0, 0, 0, -4, 4, -9, -4, 0,
    -4, 0, 0, 0, -2, 0, 0, 7,
    5, 0, 7, -2, 0, 0, 0, -15,
    0, 4, 0, 0, 0, 0, -5, 0,
    0, 0, 0, -9, 0, -4, 0, 0,
    -7, 0, 0, 0, 0, 0, 0, 0,
    0, 0, 0, -7, 0, 0, 0, 0,
    0, 0, 0, 0, 0, 0, 0, -11,
    0, 2, 4, 4, -11, 0, 0, 0,
    0, -5, 0, 0, 0, 0, -2, 0,
    0, -8, -5, 0, -4, 0, 0, 0,
    -4, -7, 0, 0, 0, -5, 0, 0,
    0, 0, 0, -4, -15, -4, -15, -7,
    0, 0, 0, -4, 0, -14, 0, -7,
    0, -3, 0, 0, -5, -4, 0, -7,
    -2, 0, 0, 0, -4, 0, 0, 0,
    0, 0, 0, 0, 0, -9, 0, 0,
    0, -4, -20, 0, -20, -2, 0, 0,
    0, -2, 0, -11, 0, -9, 0, -3,
    0, -5, -9, 0, 0, -4, -2, 0,
    0, 0, -4, 0, 0, 0, 0, 0,
    0, 0, 0, -7, -5, 0, 0, -8,
    4, -5, -4, 0, 0, 4, 0, 0,
    -4, 0, -2, -11, 0, -6, 0, -4,
    -12, 0, 0, -4, -7, 0, 0, 0,
    0, 0, 0, -9, 0, 0, 0, 0,
    -2, 0, 0, 0, 0, 0, -15, 0,
    -15, -4, 0, 0, 0, 0, 0, -14,
    0, -7, 0, -2, 0, -2, -4, 0,
    0, -7, -2, 0, 0, 0, -4, 0,
    0, 0, 0, 0, 0, -5, 0, -9,
    0, 0, 0, 0, 0, -7, 0, 0,
    0, 0, 0, 0, 0, 0, 0, -9,
    0, 0, 0, 0, -9, 0, 0, -7,
    -4, 0, -2, 0, 0, 0, 0, 0,
    -4, -2, 0, 0, -2, 0
};


/*Collect the kern class' data in one place*/
static const lv_font_fmt_txt_kern_classes_t kern_classes =
{
    .class_pair_values   = kern_class_values,
    .left_class_mapping  = kern_left_class_mapping,
    .right_class_mapping = kern_right_class_mapping,
    .left_class_cnt      = 45,
    .right_class_cnt     = 38,
};

/*--------------------
 *  ALL CUSTOM DATA
 *--------------------*/

#if LVGL_VERSION_MAJOR == 8
/*Store all the custom data of the font*/
static  lv_font_fmt_txt_glyph_cache_t cache;
#endif

#if LVGL_VERSION_MAJOR >= 8
static const lv_font_fmt_txt_dsc_t font_dsc = {
#else
static lv_font_fmt_txt_dsc_t font_dsc = {
#endif
    .glyph_bitmap = glyph_bitmap,
    .glyph_dsc = glyph_dsc,
    .cmaps = cmaps,
    .kern_dsc = &kern_classes,
    .kern_scale = 16,
    .cmap_num = 2,
    .bpp = 4,
    .kern_classes = 1,
    .bitmap_format = 0,
#if LVGL_VERSION_MAJOR == 8
    .cache = &cache
#endif
};



/*-----------------
 *  PUBLIC FONT
 *----------------*/

/*Initialize a public general font descriptor*/
#if LVGL_VERSION_MAJOR >= 8
const lv_font_t font_cjk_20 = {
#else
lv_font_t font_cjk_20 = {
#endif
    .get_glyph_dsc = lv_font_get_glyph_dsc_fmt_txt,    /*Function pointer to get glyph's data*/
    .get_glyph_bitmap = lv_font_get_bitmap_fmt_txt,    /*Function pointer to get glyph's bitmap*/
    .line_height = 23,          /*The maximum line height required by the font*/
    .base_line = 5,             /*Baseline measured from the bottom of the line*/
#if !(LVGL_VERSION_MAJOR == 6 && LVGL_VERSION_MINOR == 0)
    .subpx = LV_FONT_SUBPX_NONE,
#endif
#if LV_VERSION_CHECK(7, 4, 0) || LVGL_VERSION_MAJOR >= 8
    .underline_position = -2,
    .underline_thickness = 1,
#endif
    .dsc = &font_dsc,          /*The custom font data. Will be accessed by `get_glyph_bitmap/dsc` */
#if LV_VERSION_CHECK(8, 2, 0) || LVGL_VERSION_MAJOR >= 9
    .fallback = NULL,
#endif
    .user_data = NULL,
};



#endif /*#if FONT_CJK_20*/

